userId,phone
111,16610000000
112,16610000001
113,16610000002
114,16610000003
115,16610000004
116,16610000005
117,16610000006
118,16610000007
119,16610000008
120,16610000009
121,16610000010
122,16610000011
123,16610000012
124,16610000013
125,16610000014
126,16610000015
127,16610000016
128,16610000017
129,16610000018
130,16610000019
142,16610000020
143,16610000021
144,16610000022
145,16610000023
146,16610000024
147,16610000025
148,16610000026
149,16610000027
150,16610000028
151,16610000029
152,16610000030
153,16610000031
154,16610000032
155,16610000033
156,16610000034
157,16610000035
158,16610000036
159,16610000037
160,16610000038
161,16610000039
162,16610000040
163,16610000041
164,16610000042
165,16610000043
166,16610000044
167,16610000045
168,16610000046
169,16610000047
170,16610000048
171,16610000049
172,16610000050
173,16610000051
174,16610000052
175,16610000053
176,16610000054
177,16610000055
178,16610000056
179,16610000057
180,16610000058
181,16610000059
182,16610000060
183,16610000061
184,16610000062
185,16610000063
186,16610000064
187,16610000065
188,16610000066
189,16610000067
190,16610000068
191,16610000069
192,16610000070
193,16610000071
194,16610000072
195,16610000073
196,16610000074
197,16610000075
198,16610000076
199,16610000077
200,16610000078
201,16610000079
202,16610000080
203,16610000081
204,16610000082
205,16610000083
206,16610000084
207,16610000085
208,16610000086
209,16610000087
210,16610000088
211,16610000089
212,16610000090
213,16610000091
214,16610000092
215,16610000093
216,16610000094
217,16610000095
218,16610000096
219,16610000097
220,16610000098
221,16610000099
222,16610000100
223,16610000101
224,16610000102
225,16610000103
226,16610000104
227,16610000105
228,16610000106
229,16610000107
230,16610000108
231,16610000109
232,16610000110
233,16610000111
234,16610000112
235,16610000113
236,16610000114
237,16610000115
238,16610000116
239,16610000117
240,16610000118
241,16610000119
242,16610000120
243,16610000121
244,16610000122
245,16610000123
246,16610000124
247,16610000125
248,16610000126
249,16610000127
250,16610000128
251,16610000129
252,16610000130
253,16610000131
254,16610000132
255,16610000133
256,16610000134
257,16610000135
258,16610000136
259,16610000137
260,16610000138
261,16610000139
262,16610000140
263,16610000141
264,16610000142
265,16610000143
266,16610000144
267,16610000145
268,16610000146
269,16610000147
270,16610000148
271,16610000149
272,16610000150
273,16610000151
274,16610000152
275,16610000153
276,16610000154
277,16610000155
278,16610000156
279,16610000157
280,16610000158
281,16610000159
282,16610000160
283,16610000161
284,16610000162
285,16610000163
286,16610000164
287,16610000165
288,16610000166
289,16610000167
290,16610000168
291,16610000169
292,16610000170
293,16610000171
294,16610000172
295,16610000173
296,16610000174
297,16610000175
298,16610000176
299,16610000177
300,16610000178
301,16610000179
302,16610000180
303,16610000181
304,16610000182
305,16610000183
306,16610000184
307,16610000185
308,16610000186
309,16610000187
310,16610000188
311,16610000189
312,16610000190
313,16610000191
314,16610000192
315,16610000193
316,16610000194
317,16610000195
318,16610000196
319,16610000197
320,16610000198
321,16610000199
322,16610000200
323,16610000201
324,16610000202
325,16610000203
326,16610000204
327,16610000205
328,16610000206
329,16610000207
330,16610000208
331,16610000209
332,16610000210
333,16610000211
334,16610000212
335,16610000213
336,16610000214
337,16610000215
338,16610000216
339,16610000217
340,16610000218
341,16610000219
342,16610000220
343,16610000221
344,16610000222
345,16610000223
346,16610000224
347,16610000225
348,16610000226
349,16610000227
350,16610000228
351,16610000229
352,16610000230
353,16610000231
354,16610000232
355,16610000233
356,16610000234
357,16610000235
358,16610000236
359,16610000237
360,16610000238
361,16610000239
362,16610000240
363,16610000241
364,16610000242
365,16610000243
366,16610000244
367,16610000245
368,16610000246
369,16610000247
370,16610000248
371,16610000249
372,16610000250
373,16610000251
374,16610000252
375,16610000253
376,16610000254
377,16610000255
378,16610000256
379,16610000257
380,16610000258
381,16610000259
382,16610000260
383,16610000261
384,16610000262
385,16610000263
386,16610000264
387,16610000265
388,16610000266
389,16610000267
390,16610000268
391,16610000269
392,16610000270
393,16610000271
394,16610000272
395,16610000273
396,16610000274
397,16610000275
398,16610000276
399,16610000277
400,16610000278
401,16610000279
402,16610000280
403,16610000281
404,16610000282
405,16610000283
406,16610000284
407,16610000285
408,16610000286
409,16610000287
410,16610000288
411,16610000289
412,16610000290
413,16610000291
414,16610000292
415,16610000293
416,16610000294
417,16610000295
418,16610000296
419,16610000297
420,16610000298
421,16610000299
422,16610000300
423,16610000301
424,16610000302
425,16610000303
426,16610000304
427,16610000305
428,16610000306
429,16610000307
430,16610000308
431,16610000309
432,16610000310
433,16610000311
434,16610000312
435,16610000313
436,16610000314
437,16610000315
438,16610000316
439,16610000317
440,16610000318
441,16610000319
442,16610000320
443,16610000321
444,16610000322
445,16610000323
446,16610000324
447,16610000325
448,16610000326
449,16610000327
450,16610000328
451,16610000329
452,16610000330
453,16610000331
454,16610000332
455,16610000333
456,16610000334
457,16610000335
458,16610000336
459,16610000337
460,16610000338
461,16610000339
462,16610000340
463,16610000341
464,16610000342
465,16610000343
466,16610000344
467,16610000345
468,16610000346
469,16610000347
470,16610000348
471,16610000349
472,16610000350
473,16610000351
474,16610000352
475,16610000353
476,16610000354
477,16610000355
478,16610000356
479,16610000357
480,16610000358
481,16610000359
482,16610000360
483,16610000361
484,16610000362
485,16610000363
486,16610000364
487,16610000365
488,16610000366
489,16610000367
490,16610000368
491,16610000369
492,16610000370
493,16610000371
494,16610000372
495,16610000373
496,16610000374
497,16610000375
498,16610000376
499,16610000377
500,16610000378
501,16610000379
502,16610000380
503,16610000381
504,16610000382
505,16610000383
506,16610000384
507,16610000385
508,16610000386
509,16610000387
510,16610000388
511,16610000389
512,16610000390
513,16610000391
514,16610000392
515,16610000393
516,16610000394
517,16610000395
518,16610000396
519,16610000397
520,16610000398
521,16610000399
522,16610000400
523,16610000401
524,16610000402
525,16610000403
526,16610000404
527,16610000405
528,16610000406
529,16610000407
530,16610000408
531,16610000409
532,16610000410
533,16610000411
534,16610000412
535,16610000413
536,16610000414
537,16610000415
538,16610000416
539,16610000417
540,16610000418
541,16610000419
542,16610000420
543,16610000421
544,16610000422
545,16610000423
546,16610000424
547,16610000425
548,16610000426
549,16610000427
550,16610000428
551,16610000429
552,16610000430
553,16610000431
554,16610000432
555,16610000433
556,16610000434
557,16610000435
558,16610000436
559,16610000437
560,16610000438
561,16610000439
562,16610000440
563,16610000441
564,16610000442
565,16610000443
566,16610000444
567,16610000445
568,16610000446
569,16610000447
570,16610000448
571,16610000449
572,16610000450
573,16610000451
574,16610000452
575,16610000453
576,16610000454
577,16610000455
578,16610000456
579,16610000457
580,16610000458
581,16610000459
582,16610000460
583,16610000461
584,16610000462
585,16610000463
586,16610000464
587,16610000465
588,16610000466
589,16610000467
590,16610000468
591,16610000469
592,16610000470
593,16610000471
594,16610000472
595,16610000473
596,16610000474
597,16610000475
598,16610000476
599,16610000477
600,16610000478
601,16610000479
602,16610000480
603,16610000481
604,16610000482
605,16610000483
606,16610000484
607,16610000485
608,16610000486
609,16610000487
610,16610000488
611,16610000489
612,16610000490
613,16610000491
614,16610000492
615,16610000493
616,16610000494
617,16610000495
618,16610000496
619,16610000497
620,16610000498
621,16610000499
622,16610000500
623,16610000501
624,16610000502
625,16610000503
626,16610000504
627,16610000505
628,16610000506
629,16610000507
630,16610000508
631,16610000509
632,16610000510
633,16610000511
634,16610000512
635,16610000513
636,16610000514
637,16610000515
638,16610000516
639,16610000517
640,16610000518
641,16610000519
642,16610000520
643,16610000521
644,16610000522
645,16610000523
646,16610000524
647,16610000525
648,16610000526
649,16610000527
650,16610000528
651,16610000529
652,16610000530
653,16610000531
654,16610000532
655,16610000533
656,16610000534
657,16610000535
658,16610000536
659,16610000537
660,16610000538
661,16610000539
662,16610000540
663,16610000541
664,16610000542
665,16610000543
666,16610000544
667,16610000545
668,16610000546
669,16610000547
670,16610000548
671,16610000549
672,16610000550
673,16610000551
674,16610000552
675,16610000553
676,16610000554
677,16610000555
678,16610000556
679,16610000557
680,16610000558
681,16610000559
682,16610000560
683,16610000561
684,16610000562
685,16610000563
686,16610000564
687,16610000565
688,16610000566
689,16610000567
690,16610000568
691,16610000569
692,16610000570
693,16610000571
694,16610000572
695,16610000573
696,16610000574
697,16610000575
698,16610000576
699,16610000577
700,16610000578
701,16610000579
702,16610000580
703,16610000581
704,16610000582
705,16610000583
706,16610000584
707,16610000585
708,16610000586
709,16610000587
710,16610000588
711,16610000589
712,16610000590
713,16610000591
714,16610000592
715,16610000593
716,16610000594
717,16610000595
718,16610000596
719,16610000597
720,16610000598
721,16610000599
722,16610000600
723,16610000601
724,16610000602
725,16610000603
726,16610000604
727,16610000605
728,16610000606
729,16610000607
730,16610000608
731,16610000609
732,16610000610
733,16610000611
734,16610000612
735,16610000613
736,16610000614
737,16610000615
738,16610000616
739,16610000617
740,16610000618
741,16610000619
742,16610000620
743,16610000621
744,16610000622
745,16610000623
746,16610000624
747,16610000625
748,16610000626
749,16610000627
750,16610000628
751,16610000629
752,16610000630
753,16610000631
754,16610000632
755,16610000633
756,16610000634
757,16610000635
758,16610000636
759,16610000637
760,16610000638
761,16610000639
762,16610000640
763,16610000641
764,16610000642
765,16610000643
766,16610000644
767,16610000645
768,16610000646
769,16610000647
770,16610000648
771,16610000649
772,16610000650
773,16610000651
774,16610000652
775,16610000653
776,16610000654
777,16610000655
778,16610000656
779,16610000657
780,16610000658
781,16610000659
782,16610000660
783,16610000661
784,16610000662
785,16610000663
786,16610000664
787,16610000665
788,16610000666
789,16610000667
790,16610000668
791,16610000669
792,16610000670
793,16610000671
794,16610000672
795,16610000673
796,16610000674
797,16610000675
798,16610000676
799,16610000677
800,16610000678
801,16610000679
802,16610000680
803,16610000681
804,16610000682
805,16610000683
806,16610000684
807,16610000685
808,16610000686
809,16610000687
810,16610000688
811,16610000689
812,16610000690
813,16610000691
814,16610000692
815,16610000693
816,16610000694
817,16610000695
818,16610000696
819,16610000697
820,16610000698
821,16610000699
822,16610000700
823,16610000701
824,16610000702
825,16610000703
826,16610000704
827,16610000705
828,16610000706
829,16610000707
830,16610000708
831,16610000709
832,16610000710
833,16610000711
834,16610000712
835,16610000713
836,16610000714
837,16610000715
838,16610000716
839,16610000717
840,16610000718
841,16610000719
842,16610000720
843,16610000721
844,16610000722
845,16610000723
846,16610000724
847,16610000725
848,16610000726
849,16610000727
850,16610000728
851,16610000729
852,16610000730
853,16610000731
854,16610000732
855,16610000733
856,16610000734
857,16610000735
858,16610000736
859,16610000737
860,16610000738
861,16610000739
862,16610000740
863,16610000741
864,16610000742
865,16610000743
866,16610000744
867,16610000745
868,16610000746
869,16610000747
870,16610000748
871,16610000749
872,16610000750
873,16610000751
874,16610000752
875,16610000753
876,16610000754
877,16610000755
878,16610000756
879,16610000757
880,16610000758
881,16610000759
882,16610000760
883,16610000761
884,16610000762
885,16610000763
886,16610000764
887,16610000765
888,16610000766
889,16610000767
890,16610000768
891,16610000769
892,16610000770
893,16610000771
894,16610000772
895,16610000773
896,16610000774
897,16610000775
898,16610000776
899,16610000777
900,16610000778
901,16610000779
902,16610000780
903,16610000781
904,16610000782
905,16610000783
906,16610000784
907,16610000785
908,16610000786
909,16610000787
910,16610000788
911,16610000789
912,16610000790
913,16610000791
914,16610000792
915,16610000793
916,16610000794
917,16610000795
918,16610000796
919,16610000797
920,16610000798
921,16610000799
922,16610000800
923,16610000801
924,16610000802
925,16610000803
926,16610000804
927,16610000805
928,16610000806
929,16610000807
930,16610000808
931,16610000809
932,16610000810
933,16610000811
934,16610000812
935,16610000813
936,16610000814
937,16610000815
938,16610000816
939,16610000817
940,16610000818
941,16610000819
942,16610000820
943,16610000821
944,16610000822
945,16610000823
946,16610000824
947,16610000825
948,16610000826
949,16610000827
950,16610000828
951,16610000829
952,16610000830
953,16610000831
954,16610000832
955,16610000833
956,16610000834
957,16610000835
958,16610000836
959,16610000837
960,16610000838
961,16610000839
962,16610000840
963,16610000841
964,16610000842
965,16610000843
966,16610000844
967,16610000845
968,16610000846
969,16610000847
970,16610000848
971,16610000849
972,16610000850
973,16610000851
974,16610000852
975,16610000853
976,16610000854
977,16610000855
978,16610000856
979,16610000857
980,16610000858
981,16610000859
982,16610000860
983,16610000861
984,16610000862
985,16610000863
986,16610000864
987,16610000865
988,16610000866
989,16610000867
990,16610000868
991,16610000869
992,16610000870
993,16610000871
994,16610000872
995,16610000873
996,16610000874
997,16610000875
998,16610000876
999,16610000877
1000,16610000878
1001,16610000879
1002,16610000880
1003,16610000881
1004,16610000882
1005,16610000883
1006,16610000884
1007,16610000885
1008,16610000886
1009,16610000887
1010,16610000888
1011,16610000889
1012,16610000890
1013,16610000891
1014,16610000892
1015,16610000893
1016,16610000894
1017,16610000895
1018,16610000896
1019,16610000897
1020,16610000898
1021,16610000899
1022,16610000900
1023,16610000901
1024,16610000902
1025,16610000903
1026,16610000904
1027,16610000905
1028,16610000906
1029,16610000907
1030,16610000908
1031,16610000909
1032,16610000910
1033,16610000911
1034,16610000912
1035,16610000913
1036,16610000914
1037,16610000915
1038,16610000916
1039,16610000917
1040,16610000918
1041,16610000919
1042,16610000920
1043,16610000921
1044,16610000922
1045,16610000923
1046,16610000924
1047,16610000925
1048,16610000926
1049,16610000927
1050,16610000928
1051,16610000929
1052,16610000930
1053,16610000931
1054,16610000932
1055,16610000933
1056,16610000934
1057,16610000935
1058,16610000936
1059,16610000937
1060,16610000938
1061,16610000939
1062,16610000940
1063,16610000941
1064,16610000942
1065,16610000943
1066,16610000944
1067,16610000945
1068,16610000946
1069,16610000947
1070,16610000948
1071,16610000949
1072,16610000950
1073,16610000951
1074,16610000952
1075,16610000953
1076,16610000954
1077,16610000955
1078,16610000956
1079,16610000957
1080,16610000958
1081,16610000959
1082,16610000960
1083,16610000961
1084,16610000962
1085,16610000963
1086,16610000964
1087,16610000965
1088,16610000966
1089,16610000967
1090,16610000968
1091,16610000969
1092,16610000970
1093,16610000971
1094,16610000972
1095,16610000973
1096,16610000974
1097,16610000975
1098,16610000976
1099,16610000977
1100,16610000978
1101,16610000979
1102,16610000980
1103,16610000981
1104,16610000982
1105,16610000983
1106,16610000984
1107,16610000985
1108,16610000986
1109,16610000987
1110,16610000988
1111,16610000989
1112,16610000990
1113,16610000991
1114,16610000992
1115,16610000993
1116,16610000994
1117,16610000995
1118,16610000996
1119,16610000997
1120,16610000998
1121,16610000999
1122,16610001000
1123,16610001001
1124,16610001002
1125,16610001003
1126,16610001004
1127,16610001005
1128,16610001006
1129,16610001007
1130,16610001008
1131,16610001009
1132,16610001010
1133,16610001011
1134,16610001012
1135,16610001013
1136,16610001014
1137,16610001015
1138,16610001016
1139,16610001017
1140,16610001018
1141,16610001019
1142,16610001020
1143,16610001021
1144,16610001022
1145,16610001023
1146,16610001024
1147,16610001025
1148,16610001026
1149,16610001027
1150,16610001028
1151,16610001029
1152,16610001030
1153,16610001031
1154,16610001032
1155,16610001033
1156,16610001034
1157,16610001035
1158,16610001036
1159,16610001037
1160,16610001038
1161,16610001039
1162,16610001040
1163,16610001041
1164,16610001042
1165,16610001043
1166,16610001044
1167,16610001045
1168,16610001046
1169,16610001047
1170,16610001048
1171,16610001049
1172,16610001050
1173,16610001051
1174,16610001052
1175,16610001053
1176,16610001054
1177,16610001055
1178,16610001056
1179,16610001057
1180,16610001058
1181,16610001059
1182,16610001060
1183,16610001061
1184,16610001062
1185,16610001063
1186,16610001064
1187,16610001065
1188,16610001066
1189,16610001067
1190,16610001068
1191,16610001069
1192,16610001070
1193,16610001071
1194,16610001072
1195,16610001073
1196,16610001074
1197,16610001075
1198,16610001076
1199,16610001077
1200,16610001078
1201,16610001079
1202,16610001080
1203,16610001081
1204,16610001082
1205,16610001083
1206,16610001084
1207,16610001085
1208,16610001086
1209,16610001087
1210,16610001088
1211,16610001089
1212,16610001090
1213,16610001091
1214,16610001092
1215,16610001093
1216,16610001094
1217,16610001095
1218,16610001096
1219,16610001097
1220,16610001098
1221,16610001099
1222,16610001100
1223,16610001101
1224,16610001102
1225,16610001103
1226,16610001104
1227,16610001105
1228,16610001106
1229,16610001107
1230,16610001108
1231,16610001109
1232,16610001110
1233,16610001111
1234,16610001112
1235,16610001113
1236,16610001114
1237,16610001115
1238,16610001116
1239,16610001117
1240,16610001118
1241,16610001119
1242,16610001120
1243,16610001121
1244,16610001122
1245,16610001123
1246,16610001124
1247,16610001125
1248,16610001126
1249,16610001127
1250,16610001128
1251,16610001129
1252,16610001130
1253,16610001131
1254,16610001132
1255,16610001133
1256,16610001134
1257,16610001135
1258,16610001136
1259,16610001137
1260,16610001138
1261,16610001139
1262,16610001140
1263,16610001141
1264,16610001142
1265,16610001143
1266,16610001144
1267,16610001145
1268,16610001146
1269,16610001147
1270,16610001148
1271,16610001149
1272,16610001150
1273,16610001151
1274,16610001152
1275,16610001153
1276,16610001154
1277,16610001155
1278,16610001156
1279,16610001157
1280,16610001158
1281,16610001159
1282,16610001160
1283,16610001161
1284,16610001162
1285,16610001163
1286,16610001164
1287,16610001165
1288,16610001166
1289,16610001167
1290,16610001168
1291,16610001169
1292,16610001170
1293,16610001171
1294,16610001172
1295,16610001173
1296,16610001174
1297,16610001175
1298,16610001176
1299,16610001177
1300,16610001178
1301,16610001179
1302,16610001180
1303,16610001181
1304,16610001182
1305,16610001183
1306,16610001184
1307,16610001185
1308,16610001186
1309,16610001187
1310,16610001188
1311,16610001189
1312,16610001190
1313,16610001191
1314,16610001192
1315,16610001193
1316,16610001194
1317,16610001195
1318,16610001196
1319,16610001197
1320,16610001198
1321,16610001199
1322,16610001200
1323,16610001201
1324,16610001202
1325,16610001203
1326,16610001204
1327,16610001205
1328,16610001206
1329,16610001207
1330,16610001208
1331,16610001209
1332,16610001210
1333,16610001211
1334,16610001212
1335,16610001213
1336,16610001214
1337,16610001215
1338,16610001216
1339,16610001217
1340,16610001218
1341,16610001219
1342,16610001220
1343,16610001221
1344,16610001222
1345,16610001223
1346,16610001224
1347,16610001225
1348,16610001226
1349,16610001227
1350,16610001228
1351,16610001229
1352,16610001230
1353,16610001231
1354,16610001232
1355,16610001233
1356,16610001234
1357,16610001235
1358,16610001236
1359,16610001237
1360,16610001238
1361,16610001239
1362,16610001240
1363,16610001241
1364,16610001242
1365,16610001243
1366,16610001244
1367,16610001245
1368,16610001246
1369,16610001247
1370,16610001248
1371,16610001249
1372,16610001250
1373,16610001251
1374,16610001252
1375,16610001253
1376,16610001254
1377,16610001255
1378,16610001256
1379,16610001257
1380,16610001258
1381,16610001259
1382,16610001260
1383,16610001261
1384,16610001262
1385,16610001263
1386,16610001264
1387,16610001265
1388,16610001266
1389,16610001267
1390,16610001268
1391,16610001269
1392,16610001270
1393,16610001271
1394,16610001272
1395,16610001273
1396,16610001274
1397,16610001275
1398,16610001276
1399,16610001277
1400,16610001278
1401,16610001279
1402,16610001280
1403,16610001281
1404,16610001282
1405,16610001283
1406,16610001284
1407,16610001285
1408,16610001286
1409,16610001287
1410,16610001288
1411,16610001289
1412,16610001290
1413,16610001291
1414,16610001292
1415,16610001293
1416,16610001294
1417,16610001295
1418,16610001296
1419,16610001297
1420,16610001298
1421,16610001299
1422,16610001300
1423,16610001301
1424,16610001302
1425,16610001303
1426,16610001304
1427,16610001305
1428,16610001306
1429,16610001307
1430,16610001308
1431,16610001309
1432,16610001310
1433,16610001311
1434,16610001312
1435,16610001313
1436,16610001314
1437,16610001315
1438,16610001316
1439,16610001317
1440,16610001318
1441,16610001319
1442,16610001320
1443,16610001321
1444,16610001322
1445,16610001323
1446,16610001324
1447,16610001325
1448,16610001326
1449,16610001327
1450,16610001328
1451,16610001329
1452,16610001330
1453,16610001331
1454,16610001332
1455,16610001333
1456,16610001334
1457,16610001335
1458,16610001336
1459,16610001337
1460,16610001338
1461,16610001339
1462,16610001340
1463,16610001341
1464,16610001342
1465,16610001343
1466,16610001344
1467,16610001345
1468,16610001346
1469,16610001347
1470,16610001348
1471,16610001349
1472,16610001350
1473,16610001351
1474,16610001352
1475,16610001353
1476,16610001354
1477,16610001355
1478,16610001356
1479,16610001357
1480,16610001358
1481,16610001359
1482,16610001360
1483,16610001361
1484,16610001362
1485,16610001363
1486,16610001364
1487,16610001365
1488,16610001366
1489,16610001367
1490,16610001368
1491,16610001369
1492,16610001370
1493,16610001371
1494,16610001372
1495,16610001373
1496,16610001374
1497,16610001375
1498,16610001376
1499,16610001377
1500,16610001378
1501,16610001379
1502,16610001380
1503,16610001381
1504,16610001382
1505,16610001383
1506,16610001384
1507,16610001385
1508,16610001386
1509,16610001387
1510,16610001388
1511,16610001389
1512,16610001390
1513,16610001391
1514,16610001392
1515,16610001393
1516,16610001394
1517,16610001395
1518,16610001396
1519,16610001397
1520,16610001398
1521,16610001399
1522,16610001400
1523,16610001401
1524,16610001402
1525,16610001403
1526,16610001404
1527,16610001405
1528,16610001406
1529,16610001407
1530,16610001408
1531,16610001409
1532,16610001410
1533,16610001411
1534,16610001412
1535,16610001413
1536,16610001414
1537,16610001415
1538,16610001416
1539,16610001417
1540,16610001418
1541,16610001419
1542,16610001420
1543,16610001421
1544,16610001422
1545,16610001423
1546,16610001424
1547,16610001425
1548,16610001426
1549,16610001427
1550,16610001428
1551,16610001429
1552,16610001430
1553,16610001431
1554,16610001432
1555,16610001433
1556,16610001434
1557,16610001435
1558,16610001436
1559,16610001437
1560,16610001438
1561,16610001439
1562,16610001440
1563,16610001441
1564,16610001442
1565,16610001443
1566,16610001444
1567,16610001445
1568,16610001446
1569,16610001447
1570,16610001448
1571,16610001449
1572,16610001450
1573,16610001451
1574,16610001452
1575,16610001453
1576,16610001454
1577,16610001455
1578,16610001456
1579,16610001457
1580,16610001458
1581,16610001459
1582,16610001460
1583,16610001461
1584,16610001462
1585,16610001463
1586,16610001464
1587,16610001465
1588,16610001466
1589,16610001467
1590,16610001468
1591,16610001469
1592,16610001470
1593,16610001471
1594,16610001472
1595,16610001473
1596,16610001474
1597,16610001475
1598,16610001476
1599,16610001477
1600,16610001478
1601,16610001479
1602,16610001480
1603,16610001481
1604,16610001482
1605,16610001483
1606,16610001484
1607,16610001485
1608,16610001486
1609,16610001487
1610,16610001488
1611,16610001489
1612,16610001490
1613,16610001491
1614,16610001492
1615,16610001493
1616,16610001494
1617,16610001495
1618,16610001496
1619,16610001497
1620,16610001498
1621,16610001499
1622,16610001500
1623,16610001501
1624,16610001502
1625,16610001503
1626,16610001504
1627,16610001505
1628,16610001506
1629,16610001507
1630,16610001508
1631,16610001509
1632,16610001510
1633,16610001511
1634,16610001512
1635,16610001513
1636,16610001514
1637,16610001515
1638,16610001516
1639,16610001517
1640,16610001518
1641,16610001519
1642,16610001520
1643,16610001521
1644,16610001522
1645,16610001523
1646,16610001524
1647,16610001525
1648,16610001526
1649,16610001527
1650,16610001528
1651,16610001529
1652,16610001530
1653,16610001531
1654,16610001532
1655,16610001533
1656,16610001534
1657,16610001535
1658,16610001536
1659,16610001537
1660,16610001538
1661,16610001539
1662,16610001540
1663,16610001541
1664,16610001542
1665,16610001543
1666,16610001544
1667,16610001545
1668,16610001546
1669,16610001547
1670,16610001548
1671,16610001549
1672,16610001550
1673,16610001551
1674,16610001552
1675,16610001553
1676,16610001554
1677,16610001555
1678,16610001556
1679,16610001557
1680,16610001558
1681,16610001559
1682,16610001560
1683,16610001561
1684,16610001562
1685,16610001563
1686,16610001564
1687,16610001565
1688,16610001566
1689,16610001567
1690,16610001568
1691,16610001569
1692,16610001570
1693,16610001571
1694,16610001572
1695,16610001573
1696,16610001574
1697,16610001575
1698,16610001576
1699,16610001577
1700,16610001578
1701,16610001579
1702,16610001580
1703,16610001581
1704,16610001582
1705,16610001583
1706,16610001584
1707,16610001585
1708,16610001586
1709,16610001587
1710,16610001588
1711,16610001589
1712,16610001590
1713,16610001591
1714,16610001592
1715,16610001593
1716,16610001594
1717,16610001595
1718,16610001596
1719,16610001597
1720,16610001598
1721,16610001599
1722,16610001600
1723,16610001601
1724,16610001602
1725,16610001603
1726,16610001604
1727,16610001605
1728,16610001606
1729,16610001607
1730,16610001608
1731,16610001609
1732,16610001610
1733,16610001611
1734,16610001612
1735,16610001613
1736,16610001614
1737,16610001615
1738,16610001616
1739,16610001617
1740,16610001618
1741,16610001619
1742,16610001620
1743,16610001621
1744,16610001622
1745,16610001623
1746,16610001624
1747,16610001625
1748,16610001626
1749,16610001627
1750,16610001628
1751,16610001629
1752,16610001630
1753,16610001631
1754,16610001632
1755,16610001633
1756,16610001634
1757,16610001635
1758,16610001636
1759,16610001637
1760,16610001638
1761,16610001639
1762,16610001640
1763,16610001641
1764,16610001642
1765,16610001643
1766,16610001644
1767,16610001645
1768,16610001646
1769,16610001647
1770,16610001648
1771,16610001649
1772,16610001650
1773,16610001651
1774,16610001652
1775,16610001653
1776,16610001654
1777,16610001655
1778,16610001656
1779,16610001657
1780,16610001658
1781,16610001659
1782,16610001660
1783,16610001661
1784,16610001662
1785,16610001663
1786,16610001664
1787,16610001665
1788,16610001666
1789,16610001667
1790,16610001668
1791,16610001669
1792,16610001670
1793,16610001671
1794,16610001672
1795,16610001673
1796,16610001674
1797,16610001675
1798,16610001676
1799,16610001677
1800,16610001678
1801,16610001679
1802,16610001680
1803,16610001681
1804,16610001682
1805,16610001683
1806,16610001684
1807,16610001685
1808,16610001686
1809,16610001687
1810,16610001688
1811,16610001689
1812,16610001690
1813,16610001691
1814,16610001692
1815,16610001693
1816,16610001694
1817,16610001695
1818,16610001696
1819,16610001697
1820,16610001698
1821,16610001699
1822,16610001700
1823,16610001701
1824,16610001702
1825,16610001703
1826,16610001704
1827,16610001705
1828,16610001706
1829,16610001707
1830,16610001708
1831,16610001709
1832,16610001710
1833,16610001711
1834,16610001712
1835,16610001713
1836,16610001714
1837,16610001715
1838,16610001716
1839,16610001717
1840,16610001718
1841,16610001719
1842,16610001720
1843,16610001721
1844,16610001722
1845,16610001723
1846,16610001724
1847,16610001725
1848,16610001726
1849,16610001727
1850,16610001728
1851,16610001729
1852,16610001730
1853,16610001731
1854,16610001732
1855,16610001733
1856,16610001734
1857,16610001735
1858,16610001736
1859,16610001737
1860,16610001738
1861,16610001739
1862,16610001740
1863,16610001741
1864,16610001742
1865,16610001743
1866,16610001744
1867,16610001745
1868,16610001746
1869,16610001747
1870,16610001748
1871,16610001749
1872,16610001750
1873,16610001751
1874,16610001752
1875,16610001753
1876,16610001754
1877,16610001755
1878,16610001756
1879,16610001757
1880,16610001758
1881,16610001759
1882,16610001760
1883,16610001761
1884,16610001762
1885,16610001763
1886,16610001764
1887,16610001765
1888,16610001766
1889,16610001767
1890,16610001768
1891,16610001769
1892,16610001770
1893,16610001771
1894,16610001772
1895,16610001773
1896,16610001774
1897,16610001775
1898,16610001776
1899,16610001777
1900,16610001778
1901,16610001779
1902,16610001780
1903,16610001781
1904,16610001782
1905,16610001783
1906,16610001784
1907,16610001785
1908,16610001786
1909,16610001787
1910,16610001788
1911,16610001789
1912,16610001790
1913,16610001791
1914,16610001792
1915,16610001793
1916,16610001794
1917,16610001795
1918,16610001796
1919,16610001797
1920,16610001798
1921,16610001799
1922,16610001800
1923,16610001801
1924,16610001802
1925,16610001803
1926,16610001804
1927,16610001805
1928,16610001806
1929,16610001807
1930,16610001808
1931,16610001809
1932,16610001810
1933,16610001811
1934,16610001812
1935,16610001813
1936,16610001814
1937,16610001815
1938,16610001816
1939,16610001817
1940,16610001818
1941,16610001819
1942,16610001820
1943,16610001821
1944,16610001822
1945,16610001823
1946,16610001824
1947,16610001825
1948,16610001826
1949,16610001827
1950,16610001828
1951,16610001829
1952,16610001830
1953,16610001831
1954,16610001832
1955,16610001833
1956,16610001834
1957,16610001835
1958,16610001836
1959,16610001837
1960,16610001838
1961,16610001839
1962,16610001840
1963,16610001841
1964,16610001842
1965,16610001843
1966,16610001844
1967,16610001845
1968,16610001846
1969,16610001847
1970,16610001848
1971,16610001849
1972,16610001850
1973,16610001851
1974,16610001852
1975,16610001853
1976,16610001854
1977,16610001855
1978,16610001856
1979,16610001857
1980,16610001858
1981,16610001859
1982,16610001860
1983,16610001861
1984,16610001862
1985,16610001863
1986,16610001864
1987,16610001865
1988,16610001866
1989,16610001867
1990,16610001868
1991,16610001869
1992,16610001870
1993,16610001871
1994,16610001872
1995,16610001873
1996,16610001874
1997,16610001875
1998,16610001876
1999,16610001877
2000,16610001878
2001,16610001879
2002,16610001880
2003,16610001881
2004,16610001882
2005,16610001883
2006,16610001884
2007,16610001885
2008,16610001886
2009,16610001887
2010,16610001888
2011,16610001889
2012,16610001890
2013,16610001891
2014,16610001892
2015,16610001893
2016,16610001894
2017,16610001895
2018,16610001896
2019,16610001897
2020,16610001898
2021,16610001899
2022,16610001900
2023,16610001901
2024,16610001902
2025,16610001903
2026,16610001904
2027,16610001905
2028,16610001906
2029,16610001907
2030,16610001908
2031,16610001909
2032,16610001910
2033,16610001911
2034,16610001912
2035,16610001913
2036,16610001914
2037,16610001915
2038,16610001916
2039,16610001917
2040,16610001918
2041,16610001919
2042,16610001920
2043,16610001921
2044,16610001922
2045,16610001923
2046,16610001924
2047,16610001925
2048,16610001926
2049,16610001927
2050,16610001928
2051,16610001929
2052,16610001930
2053,16610001931
2054,16610001932
2055,16610001933
2056,16610001934
2057,16610001935
2058,16610001936
2059,16610001937
2060,16610001938
2061,16610001939
2062,16610001940
2063,16610001941
2064,16610001942
2065,16610001943
2066,16610001944
2067,16610001945
2068,16610001946
2069,16610001947
2070,16610001948
2071,16610001949
2072,16610001950
2073,16610001951
2074,16610001952
2075,16610001953
2076,16610001954
2077,16610001955
2078,16610001956
2079,16610001957
2080,16610001958
2081,16610001959
2082,16610001960
2083,16610001961
2084,16610001962
2085,16610001963
2086,16610001964
2087,16610001965
2088,16610001966
2089,16610001967
2090,16610001968
2091,16610001969
2092,16610001970
2093,16610001971
2094,16610001972
2095,16610001973
2096,16610001974
2097,16610001975
2098,16610001976
2099,16610001977
2100,16610001978
2101,16610001979
2102,16610001980
2103,16610001981
2104,16610001982
2105,16610001983
2106,16610001984
2107,16610001985
2108,16610001986
2109,16610001987
2110,16610001988
2111,16610001989
2112,16610001990
2113,16610001991
2114,16610001992
2115,16610001993
2116,16610001994
2117,16610001995
2118,16610001996
2119,16610001997
2120,16610001998
2121,16610001999
2122,16610002000
2123,16610002001
2124,16610002002
2125,16610002003
2126,16610002004
2127,16610002005
2128,16610002006
2129,16610002007
2130,16610002008
2131,16610002009
2132,16610002010
2133,16610002011
2134,16610002012
2135,16610002013
2136,16610002014
2137,16610002015
2138,16610002016
2139,16610002017
2140,16610002018
2141,16610002019
2142,16610002020
2143,16610002021
2144,16610002022
2145,16610002023
2146,16610002024
2147,16610002025
2148,16610002026
2149,16610002027
2150,16610002028
2151,16610002029
2152,16610002030
2153,16610002031
2154,16610002032
2155,16610002033
2156,16610002034
2157,16610002035
2158,16610002036
2159,16610002037
2160,16610002038
2161,16610002039
2162,16610002040
2163,16610002041
2164,16610002042
2165,16610002043
2166,16610002044
2167,16610002045
2168,16610002046
2169,16610002047
2170,16610002048
2171,16610002049
2172,16610002050
2173,16610002051
2174,16610002052
2175,16610002053
2176,16610002054
2177,16610002055
2178,16610002056
2179,16610002057
2180,16610002058
2181,16610002059
2182,16610002060
2183,16610002061
2184,16610002062
2185,16610002063
2186,16610002064
2187,16610002065
2188,16610002066
2189,16610002067
2190,16610002068
2191,16610002069
2192,16610002070
2193,16610002071
2194,16610002072
2195,16610002073
2196,16610002074
2197,16610002075
2198,16610002076
2199,16610002077
2200,16610002078
2201,16610002079
2202,16610002080
2203,16610002081
2204,16610002082
2205,16610002083
2206,16610002084
2207,16610002085
2208,16610002086
2209,16610002087
2210,16610002088
2211,16610002089
2212,16610002090
2213,16610002091
2214,16610002092
2215,16610002093
2216,16610002094
2217,16610002095
2218,16610002096
2219,16610002097
2220,16610002098
2221,16610002099
2222,16610002100
2223,16610002101
2224,16610002102
2225,16610002103
2226,16610002104
2227,16610002105
2228,16610002106
2229,16610002107
2230,16610002108
2231,16610002109
2232,16610002110
2233,16610002111
2234,16610002112
2235,16610002113
2236,16610002114
2237,16610002115
2238,16610002116
2239,16610002117
2240,16610002118
2241,16610002119
2242,16610002120
2243,16610002121
2244,16610002122
2245,16610002123
2246,16610002124
2247,16610002125
2248,16610002126
2249,16610002127
2250,16610002128
2251,16610002129
2252,16610002130
2253,16610002131
2254,16610002132
2255,16610002133
2256,16610002134
2257,16610002135
2258,16610002136
2259,16610002137
2260,16610002138
2261,16610002139
2262,16610002140
2263,16610002141
2264,16610002142
2265,16610002143
2266,16610002144
2267,16610002145
2268,16610002146
2269,16610002147
2270,16610002148
2271,16610002149
2272,16610002150
2273,16610002151
2274,16610002152
2275,16610002153
2276,16610002154
2277,16610002155
2278,16610002156
2279,16610002157
2280,16610002158
2281,16610002159
2282,16610002160
2283,16610002161
2284,16610002162
2285,16610002163
2286,16610002164
2287,16610002165
2288,16610002166
2289,16610002167
2290,16610002168
2291,16610002169
2292,16610002170
2293,16610002171
2294,16610002172
2295,16610002173
2296,16610002174
2297,16610002175
2298,16610002176
2299,16610002177
2300,16610002178
2301,16610002179
2302,16610002180
2303,16610002181
2304,16610002182
2305,16610002183
2306,16610002184
2307,16610002185
2308,16610002186
2309,16610002187
2310,16610002188
2311,16610002189
2312,16610002190
2313,16610002191
2314,16610002192
2315,16610002193
2316,16610002194
2317,16610002195
2318,16610002196
2319,16610002197
2320,16610002198
2321,16610002199
2322,16610002200
2323,16610002201
2324,16610002202
2325,16610002203
2326,16610002204
2327,16610002205
2328,16610002206
2329,16610002207
2330,16610002208
2331,16610002209
2332,16610002210
2333,16610002211
2334,16610002212
2335,16610002213
2336,16610002214
2337,16610002215
2338,16610002216
2339,16610002217
2340,16610002218
2341,16610002219
2342,16610002220
2343,16610002221
2344,16610002222
2345,16610002223
2346,16610002224
2347,16610002225
2348,16610002226
2349,16610002227
2350,16610002228
2351,16610002229
2352,16610002230
2353,16610002231
2354,16610002232
2355,16610002233
2356,16610002234
2357,16610002235
2358,16610002236
2359,16610002237
2360,16610002238
2361,16610002239
2362,16610002240
2363,16610002241
2364,16610002242
2365,16610002243
2366,16610002244
2367,16610002245
2368,16610002246
2369,16610002247
2370,16610002248
2371,16610002249
2372,16610002250
2373,16610002251
2374,16610002252
2375,16610002253
2376,16610002254
2377,16610002255
2378,16610002256
2379,16610002257
2380,16610002258
2381,16610002259
2382,16610002260
2383,16610002261
2384,16610002262
2385,16610002263
2386,16610002264
2387,16610002265
2388,16610002266
2389,16610002267
2390,16610002268
2391,16610002269
2392,16610002270
2393,16610002271
2394,16610002272
2395,16610002273
2396,16610002274
2397,16610002275
2398,16610002276
2399,16610002277
2400,16610002278
2401,16610002279
2402,16610002280
2403,16610002281
2404,16610002282
2405,16610002283
2406,16610002284
2407,16610002285
2408,16610002286
2409,16610002287
2410,16610002288
2411,16610002289
2412,16610002290
2413,16610002291
2414,16610002292
2415,16610002293
2416,16610002294
2417,16610002295
2418,16610002296
2419,16610002297
2420,16610002298
2421,16610002299
2422,16610002300
2423,16610002301
2424,16610002302
2425,16610002303
2426,16610002304
2427,16610002305
2428,16610002306
2429,16610002307
2430,16610002308
2431,16610002309
2432,16610002310
2433,16610002311
2434,16610002312
2435,16610002313
2436,16610002314
2437,16610002315
2438,16610002316
2439,16610002317
2440,16610002318
2441,16610002319
2442,16610002320
2443,16610002321
2444,16610002322
2445,16610002323
2446,16610002324
2447,16610002325
2448,16610002326
2449,16610002327
2450,16610002328
2451,16610002329
2452,16610002330
2453,16610002331
2454,16610002332
2455,16610002333
2456,16610002334
2457,16610002335
2458,16610002336
2459,16610002337
2460,16610002338
2461,16610002339
2462,16610002340
2463,16610002341
2464,16610002342
2465,16610002343
2466,16610002344
2467,16610002345
2468,16610002346
2469,16610002347
2470,16610002348
2471,16610002349
2472,16610002350
2473,16610002351
2474,16610002352
2475,16610002353
2476,16610002354
2477,16610002355
2478,16610002356
2479,16610002357
2480,16610002358
2481,16610002359
2482,16610002360
2483,16610002361
2484,16610002362
2485,16610002363
2486,16610002364
2487,16610002365
2488,16610002366
2489,16610002367
2490,16610002368
2491,16610002369
2492,16610002370
2493,16610002371
2494,16610002372
2495,16610002373
2496,16610002374
2497,16610002375
2498,16610002376
2499,16610002377
2500,16610002378
2501,16610002379
2502,16610002380
2503,16610002381
2504,16610002382
2505,16610002383
2506,16610002384
2507,16610002385
2508,16610002386
2509,16610002387
2510,16610002388
2511,16610002389
2512,16610002390
2513,16610002391
2514,16610002392
2515,16610002393
2516,16610002394
2517,16610002395
2518,16610002396
2519,16610002397
2520,16610002398
2521,16610002399
2522,16610002400
2523,16610002401
2524,16610002402
2525,16610002403
2526,16610002404
2527,16610002405
2528,16610002406
2529,16610002407
2530,16610002408
2531,16610002409
2532,16610002410
2533,16610002411
2534,16610002412
2535,16610002413
2536,16610002414
2537,16610002415
2538,16610002416
2539,16610002417
2540,16610002418
2541,16610002419
2542,16610002420
2543,16610002421
2544,16610002422
2545,16610002423
2546,16610002424
2547,16610002425
2548,16610002426
2549,16610002427
2550,16610002428
2551,16610002429
2552,16610002430
2553,16610002431
2554,16610002432
2555,16610002433
2556,16610002434
2557,16610002435
2558,16610002436
2559,16610002437
2560,16610002438
2561,16610002439
2562,16610002440
2563,16610002441
2564,16610002442
2565,16610002443
2566,16610002444
2567,16610002445
2568,16610002446
2569,16610002447
2570,16610002448
2571,16610002449
2572,16610002450
2573,16610002451
2574,16610002452
2575,16610002453
2576,16610002454
2577,16610002455
2578,16610002456
2579,16610002457
2580,16610002458
2581,16610002459
2582,16610002460
2583,16610002461
2584,16610002462
2585,16610002463
2586,16610002464
2587,16610002465
2588,16610002466
2589,16610002467
2590,16610002468
2591,16610002469
2592,16610002470
2593,16610002471
2594,16610002472
2595,16610002473
2596,16610002474
2597,16610002475
2598,16610002476
2599,16610002477
2600,16610002478
2601,16610002479
2602,16610002480
2603,16610002481
2604,16610002482
2605,16610002483
2606,16610002484
2607,16610002485
2608,16610002486
2609,16610002487
2610,16610002488
2611,16610002489
2612,16610002490
2613,16610002491
2614,16610002492
2615,16610002493
2616,16610002494
2617,16610002495
2618,16610002496
2619,16610002497
2620,16610002498
2621,16610002499
2622,16610002500
2623,16610002501
2624,16610002502
2625,16610002503
2626,16610002504
2627,16610002505
2628,16610002506
2629,16610002507
2630,16610002508
2631,16610002509
2632,16610002510
2633,16610002511
2634,16610002512
2635,16610002513
2636,16610002514
2637,16610002515
2638,16610002516
2639,16610002517
2640,16610002518
2641,16610002519
2642,16610002520
2643,16610002521
2644,16610002522
2645,16610002523
2646,16610002524
2647,16610002525
2648,16610002526
2649,16610002527
2650,16610002528
2651,16610002529
2652,16610002530
2653,16610002531
2654,16610002532
2655,16610002533
2656,16610002534
2657,16610002535
2658,16610002536
2659,16610002537
2660,16610002538
2661,16610002539
2662,16610002540
2663,16610002541
2664,16610002542
2665,16610002543
2666,16610002544
2667,16610002545
2668,16610002546
2669,16610002547
2670,16610002548
2671,16610002549
2672,16610002550
2673,16610002551
2674,16610002552
2675,16610002553
2676,16610002554
2677,16610002555
2678,16610002556
2679,16610002557
2680,16610002558
2681,16610002559
2682,16610002560
2683,16610002561
2684,16610002562
2685,16610002563
2686,16610002564
2687,16610002565
2688,16610002566
2689,16610002567
2690,16610002568
2691,16610002569
2692,16610002570
2693,16610002571
2694,16610002572
2695,16610002573
2696,16610002574
2697,16610002575
2698,16610002576
2699,16610002577
2700,16610002578
2701,16610002579
2702,16610002580
2703,16610002581
2704,16610002582
2705,16610002583
2706,16610002584
2707,16610002585
2708,16610002586
2709,16610002587
2710,16610002588
2711,16610002589
2712,16610002590
2713,16610002591
2714,16610002592
2715,16610002593
2716,16610002594
2717,16610002595
2718,16610002596
2719,16610002597
2720,16610002598
2721,16610002599
2722,16610002600
2723,16610002601
2724,16610002602
2725,16610002603
2726,16610002604
2727,16610002605
2728,16610002606
2729,16610002607
2730,16610002608
2731,16610002609
2732,16610002610
2733,16610002611
2734,16610002612
2735,16610002613
2736,16610002614
2737,16610002615
2738,16610002616
2739,16610002617
2740,16610002618
2741,16610002619
2742,16610002620
2743,16610002621
2744,16610002622
2745,16610002623
2746,16610002624
2747,16610002625
2748,16610002626
2749,16610002627
2750,16610002628
2751,16610002629
2752,16610002630
2753,16610002631
2754,16610002632
2755,16610002633
2756,16610002634
2757,16610002635
2758,16610002636
2759,16610002637
2760,16610002638
2761,16610002639
2762,16610002640
2763,16610002641
2764,16610002642
2765,16610002643
2766,16610002644
2767,16610002645
2768,16610002646
2769,16610002647
2770,16610002648
2771,16610002649
2772,16610002650
2773,16610002651
2774,16610002652
2775,16610002653
2776,16610002654
2777,16610002655
2778,16610002656
2779,16610002657
2780,16610002658
2781,16610002659
2782,16610002660
2783,16610002661
2784,16610002662
2785,16610002663
2786,16610002664
2787,16610002665
2788,16610002666
2789,16610002667
2790,16610002668
2791,16610002669
2792,16610002670
2793,16610002671
2794,16610002672
2795,16610002673
2796,16610002674
2797,16610002675
2798,16610002676
2799,16610002677
2800,16610002678
2801,16610002679
2802,16610002680
2803,16610002681
2804,16610002682
2805,16610002683
2806,16610002684
2807,16610002685
2808,16610002686
2809,16610002687
2810,16610002688
2811,16610002689
2812,16610002690
2813,16610002691
2814,16610002692
2815,16610002693
2816,16610002694
2817,16610002695
2818,16610002696
2819,16610002697
2820,16610002698
2821,16610002699
2822,16610002700
2823,16610002701
2824,16610002702
2825,16610002703
2826,16610002704
2827,16610002705
2828,16610002706
2829,16610002707
2830,16610002708
2831,16610002709
2832,16610002710
2833,16610002711
2834,16610002712
2835,16610002713
2836,16610002714
2837,16610002715
2838,16610002716
2839,16610002717
2840,16610002718
2841,16610002719
2842,16610002720
2843,16610002721
2844,16610002722
2845,16610002723
2846,16610002724
2847,16610002725
2848,16610002726
2849,16610002727
2850,16610002728
2851,16610002729
2852,16610002730
2853,16610002731
2854,16610002732
2855,16610002733
2856,16610002734
2857,16610002735
2858,16610002736
2859,16610002737
2860,16610002738
2861,16610002739
2862,16610002740
2863,16610002741
2864,16610002742
2865,16610002743
2866,16610002744
2867,16610002745
2868,16610002746
2869,16610002747
2870,16610002748
2871,16610002749
2872,16610002750
2873,16610002751
2874,16610002752
2875,16610002753
2876,16610002754
2877,16610002755
2878,16610002756
2879,16610002757
2880,16610002758
2881,16610002759
2882,16610002760
2883,16610002761
2884,16610002762
2885,16610002763
2886,16610002764
2887,16610002765
2888,16610002766
2889,16610002767
2890,16610002768
2891,16610002769
2892,16610002770
2893,16610002771
2894,16610002772
2895,16610002773
2896,16610002774
2897,16610002775
2898,16610002776
2899,16610002777
2900,16610002778
2901,16610002779
2902,16610002780
2903,16610002781
2904,16610002782
2905,16610002783
2906,16610002784
2907,16610002785
2908,16610002786
2909,16610002787
2910,16610002788
2911,16610002789
2912,16610002790
2913,16610002791
2914,16610002792
2915,16610002793
2916,16610002794
2917,16610002795
2918,16610002796
2919,16610002797
2920,16610002798
2921,16610002799
2922,16610002800
2923,16610002801
2924,16610002802
2925,16610002803
2926,16610002804
2927,16610002805
2928,16610002806
2929,16610002807
2930,16610002808
2931,16610002809
2932,16610002810
2933,16610002811
2934,16610002812
2935,16610002813
2936,16610002814
2937,16610002815
2938,16610002816
2939,16610002817
2940,16610002818
2941,16610002819
2942,16610002820
2943,16610002821
2944,16610002822
2945,16610002823
2946,16610002824
2947,16610002825
2948,16610002826
2949,16610002827
2950,16610002828
2951,16610002829
2952,16610002830
2953,16610002831
2954,16610002832
2955,16610002833
2956,16610002834
2957,16610002835
2958,16610002836
2959,16610002837
2960,16610002838
2961,16610002839
2962,16610002840
2963,16610002841
2964,16610002842
2965,16610002843
2966,16610002844
2967,16610002845
2968,16610002846
2969,16610002847
2970,16610002848
2971,16610002849
2972,16610002850
2973,16610002851
2974,16610002852
2975,16610002853
2976,16610002854
2977,16610002855
2978,16610002856
2979,16610002857
2980,16610002858
2981,16610002859
2982,16610002860
2983,16610002861
2984,16610002862
2985,16610002863
2986,16610002864
2987,16610002865
2988,16610002866
2989,16610002867
2990,16610002868
2991,16610002869
2992,16610002870
2993,16610002871
2994,16610002872
2995,16610002873
2996,16610002874
2997,16610002875
2998,16610002876
2999,16610002877
3000,16610002878
3001,16610002879
3002,16610002880
3003,16610002881
3004,16610002882
3005,16610002883
3006,16610002884
3007,16610002885
3008,16610002886
3009,16610002887
3010,16610002888
3011,16610002889
3012,16610002890
3013,16610002891
3014,16610002892
3015,16610002893
3016,16610002894
3017,16610002895
3018,16610002896
3019,16610002897
3020,16610002898
3021,16610002899
3022,16610002900
3023,16610002901
3024,16610002902
3025,16610002903
3026,16610002904
3027,16610002905
3028,16610002906
3029,16610002907
3030,16610002908
3031,16610002909
3032,16610002910
3033,16610002911
3034,16610002912
3035,16610002913
3036,16610002914
3037,16610002915
3038,16610002916
3039,16610002917
3040,16610002918
3041,16610002919
3042,16610002920
3043,16610002921
3044,16610002922
3045,16610002923
3046,16610002924
3047,16610002925
3048,16610002926
3049,16610002927
3050,16610002928
3051,16610002929
3052,16610002930
3053,16610002931
3054,16610002932
3055,16610002933
3056,16610002934
3057,16610002935
3058,16610002936
3059,16610002937
3060,16610002938
3061,16610002939
3062,16610002940
3063,16610002941
3064,16610002942
3065,16610002943
3066,16610002944
3067,16610002945
3068,16610002946
3069,16610002947
3070,16610002948
3071,16610002949
3072,16610002950
3073,16610002951
3074,16610002952
3075,16610002953
3076,16610002954
3077,16610002955
3078,16610002956
3079,16610002957
3080,16610002958
3081,16610002959
3082,16610002960
3083,16610002961
3084,16610002962
3085,16610002963
3086,16610002964
3087,16610002965
3088,16610002966
3089,16610002967
3090,16610002968
3091,16610002969
3092,16610002970
3093,16610002971
3094,16610002972
3095,16610002973
3096,16610002974
3097,16610002975
3098,16610002976
3099,16610002977
3100,16610002978
3101,16610002979
3102,16610002980
3103,16610002981
3104,16610002982
3105,16610002983
3106,16610002984
3107,16610002985
3108,16610002986
3109,16610002987
3110,16610002988
3111,16610002989
3112,16610002990
3113,16610002991
3114,16610002992
3115,16610002993
3116,16610002994
3117,16610002995
3118,16610002996
3119,16610002997
3120,16610002998
3121,16610002999
3122,16610003000
3123,16610003001
3124,16610003002
3125,16610003003
3126,16610003004
3127,16610003005
3128,16610003006
3129,16610003007
3130,16610003008
3131,16610003009
3132,16610003010
3133,16610003011
3134,16610003012
3135,16610003013
3136,16610003014
3137,16610003015
3138,16610003016
3139,16610003017
3140,16610003018
3141,16610003019
3142,16610003020
3143,16610003021
3144,16610003022
3145,16610003023
3146,16610003024
3147,16610003025
3148,16610003026
3149,16610003027
3150,16610003028
3151,16610003029
3152,16610003030
3153,16610003031
3154,16610003032
3155,16610003033
3156,16610003034
3157,16610003035
3158,16610003036
3159,16610003037
3160,16610003038
3161,16610003039
3162,16610003040
3163,16610003041
3164,16610003042
3165,16610003043
3166,16610003044
3167,16610003045
3168,16610003046
3169,16610003047
3170,16610003048
3171,16610003049
3172,16610003050
3173,16610003051
3174,16610003052
3175,16610003053
3176,16610003054
3177,16610003055
3178,16610003056
3179,16610003057
3180,16610003058
3181,16610003059
3182,16610003060
3183,16610003061
3184,16610003062
3185,16610003063
3186,16610003064
3187,16610003065
3188,16610003066
3189,16610003067
3190,16610003068
3191,16610003069
3192,16610003070
3193,16610003071
3194,16610003072
3195,16610003073
3196,16610003074
3197,16610003075
3198,16610003076
3199,16610003077
3200,16610003078
3201,16610003079
3202,16610003080
3203,16610003081
3204,16610003082
3205,16610003083
3206,16610003084
3207,16610003085
3208,16610003086
3209,16610003087
3210,16610003088
3211,16610003089
3212,16610003090
3213,16610003091
3214,16610003092
3215,16610003093
3216,16610003094
3217,16610003095
3218,16610003096
3219,16610003097
3220,16610003098
3221,16610003099
3222,16610003100
3223,16610003101
3224,16610003102
3225,16610003103
3226,16610003104
3227,16610003105
3228,16610003106
3229,16610003107
3230,16610003108
3231,16610003109
3232,16610003110
3233,16610003111
3234,16610003112
3235,16610003113
3236,16610003114
3237,16610003115
3238,16610003116
3239,16610003117
3240,16610003118
3241,16610003119
3242,16610003120
3243,16610003121
3244,16610003122
3245,16610003123
3246,16610003124
3247,16610003125
3248,16610003126
3249,16610003127
3250,16610003128
3251,16610003129
3252,16610003130
3253,16610003131
3254,16610003132
3255,16610003133
3256,16610003134
3257,16610003135
3258,16610003136
3259,16610003137
3260,16610003138
3261,16610003139
3262,16610003140
3263,16610003141
3264,16610003142
3265,16610003143
3266,16610003144
3267,16610003145
3268,16610003146
3269,16610003147
3270,16610003148
3271,16610003149
3272,16610003150
3273,16610003151
3274,16610003152
3275,16610003153
3276,16610003154
3277,16610003155
3278,16610003156
3279,16610003157
3280,16610003158
3281,16610003159
3282,16610003160
3283,16610003161
3284,16610003162
3285,16610003163
3286,16610003164
3287,16610003165
3288,16610003166
3289,16610003167
3290,16610003168
3291,16610003169
3292,16610003170
3293,16610003171
3294,16610003172
3295,16610003173
3296,16610003174
3297,16610003175
3298,16610003176
3299,16610003177
3300,16610003178
3301,16610003179
3302,16610003180
3303,16610003181
3304,16610003182
3305,16610003183
3306,16610003184
3307,16610003185
3308,16610003186
3309,16610003187
3310,16610003188
3311,16610003189
3312,16610003190
3313,16610003191
3314,16610003192
3315,16610003193
3316,16610003194
3317,16610003195
3318,16610003196
3319,16610003197
3320,16610003198
3321,16610003199
3322,16610003200
3323,16610003201
3324,16610003202
3325,16610003203
3326,16610003204
3327,16610003205
3328,16610003206
3329,16610003207
3330,16610003208
3331,16610003209
3332,16610003210
3333,16610003211
3334,16610003212
3335,16610003213
3336,16610003214
3337,16610003215
3338,16610003216
3339,16610003217
3340,16610003218
3341,16610003219
3342,16610003220
3343,16610003221
3344,16610003222
3345,16610003223
3346,16610003224
3347,16610003225
3348,16610003226
3349,16610003227
3350,16610003228
3351,16610003229
3352,16610003230
3353,16610003231
3354,16610003232
3355,16610003233
3356,16610003234
3357,16610003235
3358,16610003236
3359,16610003237
3360,16610003238
3361,16610003239
3362,16610003240
3363,16610003241
3364,16610003242
3365,16610003243
3366,16610003244
3367,16610003245
3368,16610003246
3369,16610003247
3370,16610003248
3371,16610003249
3372,16610003250
3373,16610003251
3374,16610003252
3375,16610003253
3376,16610003254
3377,16610003255
3378,16610003256
3379,16610003257
3380,16610003258
3381,16610003259
3382,16610003260
3383,16610003261
3384,16610003262
3385,16610003263
3386,16610003264
3387,16610003265
3388,16610003266
3389,16610003267
3390,16610003268
3391,16610003269
3392,16610003270
3393,16610003271
3394,16610003272
3395,16610003273
3396,16610003274
3397,16610003275
3398,16610003276
3399,16610003277
3400,16610003278
3401,16610003279
3402,16610003280
3403,16610003281
3404,16610003282
3405,16610003283
3406,16610003284
3407,16610003285
3408,16610003286
3409,16610003287
3410,16610003288
3411,16610003289
3412,16610003290
3413,16610003291
3414,16610003292
3415,16610003293
3416,16610003294
3417,16610003295
3418,16610003296
3419,16610003297
3420,16610003298
3421,16610003299
3422,16610003300
3423,16610003301
3424,16610003302
3425,16610003303
3426,16610003304
3427,16610003305
3428,16610003306
3429,16610003307
3430,16610003308
3431,16610003309
3432,16610003310
3433,16610003311
3434,16610003312
3435,16610003313
3436,16610003314
3437,16610003315
3438,16610003316
3439,16610003317
3440,16610003318
3441,16610003319
3442,16610003320
3443,16610003321
3444,16610003322
3445,16610003323
3446,16610003324
3447,16610003325
3448,16610003326
3449,16610003327
3450,16610003328
3451,16610003329
3452,16610003330
3453,16610003331
3454,16610003332
3455,16610003333
3456,16610003334
3457,16610003335
3458,16610003336
3459,16610003337
3460,16610003338
3461,16610003339
3462,16610003340
3463,16610003341
3464,16610003342
3465,16610003343
3466,16610003344
3467,16610003345
3468,16610003346
3469,16610003347
3470,16610003348
3471,16610003349
3472,16610003350
3473,16610003351
3474,16610003352
3475,16610003353
3476,16610003354
3477,16610003355
3478,16610003356
3479,16610003357
3480,16610003358
3481,16610003359
3482,16610003360
3483,16610003361
3484,16610003362
3485,16610003363
3486,16610003364
3487,16610003365
3488,16610003366
3489,16610003367
3490,16610003368
3491,16610003369
3492,16610003370
3493,16610003371
3494,16610003372
3495,16610003373
3496,16610003374
3497,16610003375
3498,16610003376
3499,16610003377
3500,16610003378
3501,16610003379
3502,16610003380
3503,16610003381
3504,16610003382
3505,16610003383
3506,16610003384
3507,16610003385
3508,16610003386
3509,16610003387
3510,16610003388
3511,16610003389
3512,16610003390
3513,16610003391
3514,16610003392
3515,16610003393
3516,16610003394
3517,16610003395
3518,16610003396
3519,16610003397
3520,16610003398
3521,16610003399
3522,16610003400
3523,16610003401
3524,16610003402
3525,16610003403
3526,16610003404
3527,16610003405
3528,16610003406
3529,16610003407
3530,16610003408
3531,16610003409
3532,16610003410
3533,16610003411
3534,16610003412
3535,16610003413
3536,16610003414
3537,16610003415
3538,16610003416
3539,16610003417
3540,16610003418
3541,16610003419
3542,16610003420
3543,16610003421
3544,16610003422
3545,16610003423
3546,16610003424
3547,16610003425
3548,16610003426
3549,16610003427
3550,16610003428
3551,16610003429
3552,16610003430
3553,16610003431
3554,16610003432
3555,16610003433
3556,16610003434
3557,16610003435
3558,16610003436
3559,16610003437
3560,16610003438
3561,16610003439
3562,16610003440
3563,16610003441
3564,16610003442
3565,16610003443
3566,16610003444
3567,16610003445
3568,16610003446
3569,16610003447
3570,16610003448
3571,16610003449
3572,16610003450
3573,16610003451
3574,16610003452
3575,16610003453
3576,16610003454
3577,16610003455
3578,16610003456
3579,16610003457
3580,16610003458
3581,16610003459
3582,16610003460
3583,16610003461
3584,16610003462
3585,16610003463
3586,16610003464
3587,16610003465
3588,16610003466
3589,16610003467
3590,16610003468
3591,16610003469
3592,16610003470
3593,16610003471
3594,16610003472
3595,16610003473
3596,16610003474
3597,16610003475
3598,16610003476
3599,16610003477
3600,16610003478
3601,16610003479
3602,16610003480
3603,16610003481
3604,16610003482
3605,16610003483
3606,16610003484
3607,16610003485
3608,16610003486
3609,16610003487
3610,16610003488
3611,16610003489
3612,16610003490
3613,16610003491
3614,16610003492
3615,16610003493
3616,16610003494
3617,16610003495
3618,16610003496
3619,16610003497
3620,16610003498
3621,16610003499
3622,16610003500
3623,16610003501
3624,16610003502
3625,16610003503
3626,16610003504
3627,16610003505
3628,16610003506
3629,16610003507
3630,16610003508
3631,16610003509
3632,16610003510
3633,16610003511
3634,16610003512
3635,16610003513
3636,16610003514
3637,16610003515
3638,16610003516
3639,16610003517
3640,16610003518
3641,16610003519
3642,16610003520
3643,16610003521
3644,16610003522
3645,16610003523
3646,16610003524
3647,16610003525
3648,16610003526
3649,16610003527
3650,16610003528
3651,16610003529
3652,16610003530
3653,16610003531
3654,16610003532
3655,16610003533
3656,16610003534
3657,16610003535
3658,16610003536
3659,16610003537
3660,16610003538
3661,16610003539
3662,16610003540
3663,16610003541
3664,16610003542
3665,16610003543
3666,16610003544
3667,16610003545
3668,16610003546
3669,16610003547
3670,16610003548
3671,16610003549
3672,16610003550
3673,16610003551
3674,16610003552
3675,16610003553
3676,16610003554
3677,16610003555
3678,16610003556
3679,16610003557
3680,16610003558
3681,16610003559
3682,16610003560
3683,16610003561
3684,16610003562
3685,16610003563
3686,16610003564
3687,16610003565
3688,16610003566
3689,16610003567
3690,16610003568
3691,16610003569
3692,16610003570
3693,16610003571
3694,16610003572
3695,16610003573
3696,16610003574
3697,16610003575
3698,16610003576
3699,16610003577
3700,16610003578
3701,16610003579
3702,16610003580
3703,16610003581
3704,16610003582
3705,16610003583
3706,16610003584
3707,16610003585
3708,16610003586
3709,16610003587
3710,16610003588
3711,16610003589
3712,16610003590
3713,16610003591
3714,16610003592
3715,16610003593
3716,16610003594
3717,16610003595
3718,16610003596
3719,16610003597
3720,16610003598
3721,16610003599
3722,16610003600
3723,16610003601
3724,16610003602
3725,16610003603
3726,16610003604
3727,16610003605
3728,16610003606
3729,16610003607
3730,16610003608
3731,16610003609
3732,16610003610
3733,16610003611
3734,16610003612
3735,16610003613
3736,16610003614
3737,16610003615
3738,16610003616
3739,16610003617
3740,16610003618
3741,16610003619
3742,16610003620
3743,16610003621
3744,16610003622
3745,16610003623
3746,16610003624
3747,16610003625
3748,16610003626
3749,16610003627
3750,16610003628
3751,16610003629
3752,16610003630
3753,16610003631
3754,16610003632
3755,16610003633
3756,16610003634
3757,16610003635
3758,16610003636
3759,16610003637
3760,16610003638
3761,16610003639
3762,16610003640
3763,16610003641
3764,16610003642
3765,16610003643
3766,16610003644
3767,16610003645
3768,16610003646
3769,16610003647
3770,16610003648
3771,16610003649
3772,16610003650
3773,16610003651
3774,16610003652
3775,16610003653
3776,16610003654
3777,16610003655
3778,16610003656
3779,16610003657
3780,16610003658
3781,16610003659
3782,16610003660
3783,16610003661
3784,16610003662
3785,16610003663
3786,16610003664
3787,16610003665
3788,16610003666
3789,16610003667
3790,16610003668
3791,16610003669
3792,16610003670
3793,16610003671
3794,16610003672
3795,16610003673
3796,16610003674
3797,16610003675
3798,16610003676
3799,16610003677
3800,16610003678
3801,16610003679
3802,16610003680
3803,16610003681
3804,16610003682
3805,16610003683
3806,16610003684
3807,16610003685
3808,16610003686
3809,16610003687
3810,16610003688
3811,16610003689
3812,16610003690
3813,16610003691
3814,16610003692
3815,16610003693
3816,16610003694
3817,16610003695
3818,16610003696
3819,16610003697
3820,16610003698
3821,16610003699
3822,16610003700
3823,16610003701
3824,16610003702
3825,16610003703
3826,16610003704
3827,16610003705
3828,16610003706
3829,16610003707
3830,16610003708
3831,16610003709
3832,16610003710
3833,16610003711
3834,16610003712
3835,16610003713
3836,16610003714
3837,16610003715
3838,16610003716
3839,16610003717
3840,16610003718
3841,16610003719
3842,16610003720
3843,16610003721
3844,16610003722
3845,16610003723
3846,16610003724
3847,16610003725
3848,16610003726
3849,16610003727
3850,16610003728
3851,16610003729
3852,16610003730
3853,16610003731
3854,16610003732
3855,16610003733
3856,16610003734
3857,16610003735
3858,16610003736
3859,16610003737
3860,16610003738
3861,16610003739
3862,16610003740
3863,16610003741
3864,16610003742
3865,16610003743
3866,16610003744
3867,16610003745
3868,16610003746
3869,16610003747
3870,16610003748
3871,16610003749
3872,16610003750
3873,16610003751
3874,16610003752
3875,16610003753
3876,16610003754
3877,16610003755
3878,16610003756
3879,16610003757
3880,16610003758
3881,16610003759
3882,16610003760
3883,16610003761
3884,16610003762
3885,16610003763
3886,16610003764
3887,16610003765
3888,16610003766
3889,16610003767
3890,16610003768
3891,16610003769
3892,16610003770
3893,16610003771
3894,16610003772
3895,16610003773
3896,16610003774
3897,16610003775
3898,16610003776
3899,16610003777
3900,16610003778
3901,16610003779
3902,16610003780
3903,16610003781
3904,16610003782
3905,16610003783
3906,16610003784
3907,16610003785
3908,16610003786
3909,16610003787
3910,16610003788
3911,16610003789
3912,16610003790
3913,16610003791
3914,16610003792
3915,16610003793
3916,16610003794
3917,16610003795
3918,16610003796
3919,16610003797
3920,16610003798
3921,16610003799
3922,16610003800
3923,16610003801
3924,16610003802
3925,16610003803
3926,16610003804
3927,16610003805
3928,16610003806
3929,16610003807
3930,16610003808
3931,16610003809
3932,16610003810
3933,16610003811
3934,16610003812
3935,16610003813
3936,16610003814
3937,16610003815
3938,16610003816
3939,16610003817
3940,16610003818
3941,16610003819
3942,16610003820
3943,16610003821
3944,16610003822
3945,16610003823
3946,16610003824
3947,16610003825
3948,16610003826
3949,16610003827
3950,16610003828
3951,16610003829
3952,16610003830
3953,16610003831
3954,16610003832
3955,16610003833
3956,16610003834
3957,16610003835
3958,16610003836
3959,16610003837
3960,16610003838
3961,16610003839
3962,16610003840
3963,16610003841
3964,16610003842
3965,16610003843
3966,16610003844
3967,16610003845
3968,16610003846
3969,16610003847
3970,16610003848
3971,16610003849
3972,16610003850
3973,16610003851
3974,16610003852
3975,16610003853
3976,16610003854
3977,16610003855
3978,16610003856
3979,16610003857
3980,16610003858
3981,16610003859
3982,16610003860
3983,16610003861
3984,16610003862
3985,16610003863
3986,16610003864
3987,16610003865
3988,16610003866
3989,16610003867
3990,16610003868
3991,16610003869
3992,16610003870
3993,16610003871
3994,16610003872
3995,16610003873
3996,16610003874
3997,16610003875
3998,16610003876
3999,16610003877
4000,16610003878
4001,16610003879
4002,16610003880
4003,16610003881
4004,16610003882
4005,16610003883
4006,16610003884
4007,16610003885
4008,16610003886
4009,16610003887
4010,16610003888
4011,16610003889
4012,16610003890
4013,16610003891
4014,16610003892
4015,16610003893
4016,16610003894
4017,16610003895
4018,16610003896
4019,16610003897
4020,16610003898
4021,16610003899
4022,16610003900
4023,16610003901
4024,16610003902
4025,16610003903
4026,16610003904
4027,16610003905
4028,16610003906
4029,16610003907
4030,16610003908
4031,16610003909
4032,16610003910
4033,16610003911
4034,16610003912
4035,16610003913
4036,16610003914
4037,16610003915
4038,16610003916
4039,16610003917
4040,16610003918
4041,16610003919
4042,16610003920
4043,16610003921
4044,16610003922
4045,16610003923
4046,16610003924
4047,16610003925
4048,16610003926
4049,16610003927
4050,16610003928
4051,16610003929
4052,16610003930
4053,16610003931
4054,16610003932
4055,16610003933
4056,16610003934
4057,16610003935
4058,16610003936
4059,16610003937
4060,16610003938
4061,16610003939
4062,16610003940
4063,16610003941
4064,16610003942
4065,16610003943
4066,16610003944
4067,16610003945
4068,16610003946
4069,16610003947
4070,16610003948
4071,16610003949
4072,16610003950
4073,16610003951
4074,16610003952
4075,16610003953
4076,16610003954
4077,16610003955
4078,16610003956
4079,16610003957
4080,16610003958
4081,16610003959
4082,16610003960
4083,16610003961
4084,16610003962
4085,16610003963
4086,16610003964
4087,16610003965
4088,16610003966
4089,16610003967
4090,16610003968
4091,16610003969
4092,16610003970
4093,16610003971
4094,16610003972
4095,16610003973
4096,16610003974
4097,16610003975
4098,16610003976
4099,16610003977
4100,16610003978
4101,16610003979
4102,16610003980
4103,16610003981
4104,16610003982
4105,16610003983
4106,16610003984
4107,16610003985
4108,16610003986
4109,16610003987
4110,16610003988
4111,16610003989
4112,16610003990
4113,16610003991
4114,16610003992
4115,16610003993
4116,16610003994
4117,16610003995
4118,16610003996
4119,16610003997
4120,16610003998
4121,16610003999
4122,16610004000
4123,16610004001
4124,16610004002
4125,16610004003
4126,16610004004
4127,16610004005
4128,16610004006
4129,16610004007
4130,16610004008
4131,16610004009
4132,16610004010
4133,16610004011
4134,16610004012
4135,16610004013
4136,16610004014
4137,16610004015
4138,16610004016
4139,16610004017
4140,16610004018
4141,16610004019
4142,16610004020
4143,16610004021
4144,16610004022
4145,16610004023
4146,16610004024
4147,16610004025
4148,16610004026
4149,16610004027
4150,16610004028
4151,16610004029
4152,16610004030
4153,16610004031
4154,16610004032
4155,16610004033
4156,16610004034
4157,16610004035
4158,16610004036
4159,16610004037
4160,16610004038
4161,16610004039
4162,16610004040
4163,16610004041
4164,16610004042
4165,16610004043
4166,16610004044
4167,16610004045
4168,16610004046
4169,16610004047
4170,16610004048
4171,16610004049
4172,16610004050
4173,16610004051
4174,16610004052
4175,16610004053
4176,16610004054
4177,16610004055
4178,16610004056
4179,16610004057
4180,16610004058
4181,16610004059
4182,16610004060
4183,16610004061
4184,16610004062
4185,16610004063
4186,16610004064
4187,16610004065
4188,16610004066
4189,16610004067
4190,16610004068
4191,16610004069
4192,16610004070
4193,16610004071
4194,16610004072
4195,16610004073
4196,16610004074
4197,16610004075
4198,16610004076
4199,16610004077
4200,16610004078
4201,16610004079
4202,16610004080
4203,16610004081
4204,16610004082
4205,16610004083
4206,16610004084
4207,16610004085
4208,16610004086
4209,16610004087
4210,16610004088
4211,16610004089
4212,16610004090
4213,16610004091
4214,16610004092
4215,16610004093
4216,16610004094
4217,16610004095
4218,16610004096
4219,16610004097
4220,16610004098
4221,16610004099
4222,16610004100
4223,16610004101
4224,16610004102
4225,16610004103
4226,16610004104
4227,16610004105
4228,16610004106
4229,16610004107
4230,16610004108
4231,16610004109
4232,16610004110
4233,16610004111
4234,16610004112
4235,16610004113
4236,16610004114
4237,16610004115
4238,16610004116
4239,16610004117
4240,16610004118
4241,16610004119
4242,16610004120
4243,16610004121
4244,16610004122
4245,16610004123
4246,16610004124
4247,16610004125
4248,16610004126
4249,16610004127
4250,16610004128
4251,16610004129
4252,16610004130
4253,16610004131
4254,16610004132
4255,16610004133
4256,16610004134
4257,16610004135
4258,16610004136
4259,16610004137
4260,16610004138
4261,16610004139
4262,16610004140
4263,16610004141
4264,16610004142
4265,16610004143
4266,16610004144
4267,16610004145
4268,16610004146
4269,16610004147
4270,16610004148
4271,16610004149
4272,16610004150
4273,16610004151
4274,16610004152
4275,16610004153
4276,16610004154
4277,16610004155
4278,16610004156
4279,16610004157
4280,16610004158
4281,16610004159
4282,16610004160
4283,16610004161
4284,16610004162
4285,16610004163
4286,16610004164
4287,16610004165
4288,16610004166
4289,16610004167
4290,16610004168
4291,16610004169
4292,16610004170
4293,16610004171
4294,16610004172
4295,16610004173
4296,16610004174
4297,16610004175
4298,16610004176
4299,16610004177
4300,16610004178
4301,16610004179
4302,16610004180
4303,16610004181
4304,16610004182
4305,16610004183
4306,16610004184
4307,16610004185
4308,16610004186
4309,16610004187
4310,16610004188
4311,16610004189
4312,16610004190
4313,16610004191
4314,16610004192
4315,16610004193
4316,16610004194
4317,16610004195
4318,16610004196
4319,16610004197
4320,16610004198
4321,16610004199
4322,16610004200
4323,16610004201
4324,16610004202
4325,16610004203
4326,16610004204
4327,16610004205
4328,16610004206
4329,16610004207
4330,16610004208
4331,16610004209
4332,16610004210
4333,16610004211
4334,16610004212
4335,16610004213
4336,16610004214
4337,16610004215
4338,16610004216
4339,16610004217
4340,16610004218
4341,16610004219
4342,16610004220
4343,16610004221
4344,16610004222
4345,16610004223
4346,16610004224
4347,16610004225
4348,16610004226
4349,16610004227
4350,16610004228
4351,16610004229
4352,16610004230
4353,16610004231
4354,16610004232
4355,16610004233
4356,16610004234
4357,16610004235
4358,16610004236
4359,16610004237
4360,16610004238
4361,16610004239
4362,16610004240
4363,16610004241
4364,16610004242
4365,16610004243
4366,16610004244
4367,16610004245
4368,16610004246
4369,16610004247
4370,16610004248
4371,16610004249
4372,16610004250
4373,16610004251
4374,16610004252
4375,16610004253
4376,16610004254
4377,16610004255
4378,16610004256
4379,16610004257
4380,16610004258
4381,16610004259
4382,16610004260
4383,16610004261
4384,16610004262
4385,16610004263
4386,16610004264
4387,16610004265
4388,16610004266
4389,16610004267
4390,16610004268
4391,16610004269
4392,16610004270
4393,16610004271
4394,16610004272
4395,16610004273
4396,16610004274
4397,16610004275
4398,16610004276
4399,16610004277
4400,16610004278
4401,16610004279
4402,16610004280
4403,16610004281
4404,16610004282
4405,16610004283
4406,16610004284
4407,16610004285
4408,16610004286
4409,16610004287
4410,16610004288
4411,16610004289
4412,16610004290
4413,16610004291
4414,16610004292
4415,16610004293
4416,16610004294
4417,16610004295
4418,16610004296
4419,16610004297
4420,16610004298
4421,16610004299
4422,16610004300
4423,16610004301
4424,16610004302
4425,16610004303
4426,16610004304
4427,16610004305
4428,16610004306
4429,16610004307
4430,16610004308
4431,16610004309
4432,16610004310
4433,16610004311
4434,16610004312
4435,16610004313
4436,16610004314
4437,16610004315
4438,16610004316
4439,16610004317
4440,16610004318
4441,16610004319
4442,16610004320
4443,16610004321
4444,16610004322
4445,16610004323
4446,16610004324
4447,16610004325
4448,16610004326
4449,16610004327
4450,16610004328
4451,16610004329
4452,16610004330
4453,16610004331
4454,16610004332
4455,16610004333
4456,16610004334
4457,16610004335
4458,16610004336
4459,16610004337
4460,16610004338
4461,16610004339
4462,16610004340
4463,16610004341
4464,16610004342
4465,16610004343
4466,16610004344
4467,16610004345
4468,16610004346
4469,16610004347
4470,16610004348
4471,16610004349
4472,16610004350
4473,16610004351
4474,16610004352
4475,16610004353
4476,16610004354
4477,16610004355
4478,16610004356
4479,16610004357
4480,16610004358
4481,16610004359
4482,16610004360
4483,16610004361
4484,16610004362
4485,16610004363
4486,16610004364
4487,16610004365
4488,16610004366
4489,16610004367
4490,16610004368
4491,16610004369
4492,16610004370
4493,16610004371
4494,16610004372
4495,16610004373
4496,16610004374
4497,16610004375
4498,16610004376
4499,16610004377
4500,16610004378
4501,16610004379
4502,16610004380
4503,16610004381
4504,16610004382
4505,16610004383
4506,16610004384
4507,16610004385
4508,16610004386
4509,16610004387
4510,16610004388
4511,16610004389
4512,16610004390
4513,16610004391
4514,16610004392
4515,16610004393
4516,16610004394
4517,16610004395
4518,16610004396
4519,16610004397
4520,16610004398
4521,16610004399
4522,16610004400
4523,16610004401
4524,16610004402
4525,16610004403
4526,16610004404
4527,16610004405
4528,16610004406
4529,16610004407
4530,16610004408
4531,16610004409
4532,16610004410
4533,16610004411
4534,16610004412
4535,16610004413
4536,16610004414
4537,16610004415
4538,16610004416
4539,16610004417
4540,16610004418
4541,16610004419
4542,16610004420
4543,16610004421
4544,16610004422
4545,16610004423
4546,16610004424
4547,16610004425
4548,16610004426
4549,16610004427
4550,16610004428
4551,16610004429
4552,16610004430
4553,16610004431
4554,16610004432
4555,16610004433
4556,16610004434
4557,16610004435
4558,16610004436
4559,16610004437
4560,16610004438
4561,16610004439
4562,16610004440
4563,16610004441
4564,16610004442
4565,16610004443
4566,16610004444
4567,16610004445
4568,16610004446
4569,16610004447
4570,16610004448
4571,16610004449
4572,16610004450
4573,16610004451
4574,16610004452
4575,16610004453
4576,16610004454
4577,16610004455
4578,16610004456
4579,16610004457
4580,16610004458
4581,16610004459
4582,16610004460
4583,16610004461
4584,16610004462
4585,16610004463
4586,16610004464
4587,16610004465
4588,16610004466
4589,16610004467
4590,16610004468
4591,16610004469
4592,16610004470
4593,16610004471
4594,16610004472
4595,16610004473
4596,16610004474
4597,16610004475
4598,16610004476
4599,16610004477
4600,16610004478
4601,16610004479
4602,16610004480
4603,16610004481
4604,16610004482
4605,16610004483
4606,16610004484
4607,16610004485
4608,16610004486
4609,16610004487
4610,16610004488
4611,16610004489
4612,16610004490
4613,16610004491
4614,16610004492
4615,16610004493
4616,16610004494
4617,16610004495
4618,16610004496
4619,16610004497
4620,16610004498
4621,16610004499
4622,16610004500
4623,16610004501
4624,16610004502
4625,16610004503
4626,16610004504
4627,16610004505
4628,16610004506
4629,16610004507
4630,16610004508
4631,16610004509
4632,16610004510
4633,16610004511
4634,16610004512
4635,16610004513
4636,16610004514
4637,16610004515
4638,16610004516
4639,16610004517
4640,16610004518
4641,16610004519
4642,16610004520
4643,16610004521
4644,16610004522
4645,16610004523
4646,16610004524
4647,16610004525
4648,16610004526
4649,16610004527
4650,16610004528
4651,16610004529
4652,16610004530
4653,16610004531
4654,16610004532
4655,16610004533
4656,16610004534
4657,16610004535
4658,16610004536
4659,16610004537
4660,16610004538
4661,16610004539
4662,16610004540
4663,16610004541
4664,16610004542
4665,16610004543
4666,16610004544
4667,16610004545
4668,16610004546
4669,16610004547
4670,16610004548
4671,16610004549
4672,16610004550
4673,16610004551
4674,16610004552
4675,16610004553
4676,16610004554
4677,16610004555
4678,16610004556
4679,16610004557
4680,16610004558
4681,16610004559
4682,16610004560
4683,16610004561
4684,16610004562
4685,16610004563
4686,16610004564
4687,16610004565
4688,16610004566
4689,16610004567
4690,16610004568
4691,16610004569
4692,16610004570
4693,16610004571
4694,16610004572
4695,16610004573
4696,16610004574
4697,16610004575
4698,16610004576
4699,16610004577
4700,16610004578
4701,16610004579
4702,16610004580
4703,16610004581
4704,16610004582
4705,16610004583
4706,16610004584
4707,16610004585
4708,16610004586
4709,16610004587
4710,16610004588
4711,16610004589
4712,16610004590
4713,16610004591
4714,16610004592
4715,16610004593
4716,16610004594
4717,16610004595
4718,16610004596
4719,16610004597
4720,16610004598
4721,16610004599
4722,16610004600
4723,16610004601
4724,16610004602
4725,16610004603
4726,16610004604
4727,16610004605
4728,16610004606
4729,16610004607
4730,16610004608
4731,16610004609
4732,16610004610
4733,16610004611
4734,16610004612
4735,16610004613
4736,16610004614
4737,16610004615
4738,16610004616
4739,16610004617
4740,16610004618
4741,16610004619
4742,16610004620
4743,16610004621
4744,16610004622
4745,16610004623
4746,16610004624
4747,16610004625
4748,16610004626
4749,16610004627
4750,16610004628
4751,16610004629
4752,16610004630
4753,16610004631
4754,16610004632
4755,16610004633
4756,16610004634
4757,16610004635
4758,16610004636
4759,16610004637
4760,16610004638
4761,16610004639
4762,16610004640
4763,16610004641
4764,16610004642
4765,16610004643
4766,16610004644
4767,16610004645
4768,16610004646
4769,16610004647
4770,16610004648
4771,16610004649
4772,16610004650
4773,16610004651
4774,16610004652
4775,16610004653
4776,16610004654
4777,16610004655
4778,16610004656
4779,16610004657
4780,16610004658
4781,16610004659
4782,16610004660
4783,16610004661
4784,16610004662
4785,16610004663
4786,16610004664
4787,16610004665
4788,16610004666
4789,16610004667
4790,16610004668
4791,16610004669
4792,16610004670
4793,16610004671
4794,16610004672
4795,16610004673
4796,16610004674
4797,16610004675
4798,16610004676
4799,16610004677
4800,16610004678
4801,16610004679
4802,16610004680
4803,16610004681
4804,16610004682
4805,16610004683
4806,16610004684
4807,16610004685
4808,16610004686
4809,16610004687
4810,16610004688
4811,16610004689
4812,16610004690
4813,16610004691
4814,16610004692
4815,16610004693
4816,16610004694
4817,16610004695
4818,16610004696
4819,16610004697
4820,16610004698
4821,16610004699
4822,16610004700
4823,16610004701
4824,16610004702
4825,16610004703
4826,16610004704
4827,16610004705
4828,16610004706
4829,16610004707
4830,16610004708
4831,16610004709
4832,16610004710
4833,16610004711
4834,16610004712
4835,16610004713
4836,16610004714
4837,16610004715
4838,16610004716
4839,16610004717
4840,16610004718
4841,16610004719
4842,16610004720
4843,16610004721
4844,16610004722
4845,16610004723
4846,16610004724
4847,16610004725
4848,16610004726
4849,16610004727
4850,16610004728
4851,16610004729
4852,16610004730
4853,16610004731
4854,16610004732
4855,16610004733
4856,16610004734
4857,16610004735
4858,16610004736
4859,16610004737
4860,16610004738
4861,16610004739
4862,16610004740
4863,16610004741
4864,16610004742
4865,16610004743
4866,16610004744
4867,16610004745
4868,16610004746
4869,16610004747
4870,16610004748
4871,16610004749
4872,16610004750
4873,16610004751
4874,16610004752
4875,16610004753
4876,16610004754
4877,16610004755
4878,16610004756
4879,16610004757
4880,16610004758
4881,16610004759
4882,16610004760
4883,16610004761
4884,16610004762
4885,16610004763
4886,16610004764
4887,16610004765
4888,16610004766
4889,16610004767
4890,16610004768
4891,16610004769
4892,16610004770
4893,16610004771
4894,16610004772
4895,16610004773
4896,16610004774
4897,16610004775
4898,16610004776
4899,16610004777
4900,16610004778
4901,16610004779
4902,16610004780
4903,16610004781
4904,16610004782
4905,16610004783
4906,16610004784
4907,16610004785
4908,16610004786
4909,16610004787
4910,16610004788
4911,16610004789
4912,16610004790
4913,16610004791
4914,16610004792
4915,16610004793
4916,16610004794
4917,16610004795
4918,16610004796
4919,16610004797
4920,16610004798
4921,16610004799
4922,16610004800
4923,16610004801
4924,16610004802
4925,16610004803
4926,16610004804
4927,16610004805
4928,16610004806
4929,16610004807
4930,16610004808
4931,16610004809
4932,16610004810
4933,16610004811
4934,16610004812
4935,16610004813
4936,16610004814
4937,16610004815
4938,16610004816
4939,16610004817
4940,16610004818
4941,16610004819
4942,16610004820
4943,16610004821
4944,16610004822
4945,16610004823
4946,16610004824
4947,16610004825
4948,16610004826
4949,16610004827
4950,16610004828
4951,16610004829
4952,16610004830
4953,16610004831
4954,16610004832
4955,16610004833
4956,16610004834
4957,16610004835
4958,16610004836
4959,16610004837
4960,16610004838
4961,16610004839
4962,16610004840
4963,16610004841
4964,16610004842
4965,16610004843
4966,16610004844
4967,16610004845
4968,16610004846
4969,16610004847
4970,16610004848
4971,16610004849
4972,16610004850
4973,16610004851
4974,16610004852
4975,16610004853
4976,16610004854
4977,16610004855
4978,16610004856
4979,16610004857
4980,16610004858
4981,16610004859
4982,16610004860
4983,16610004861
4984,16610004862
4985,16610004863
4986,16610004864
4987,16610004865
4988,16610004866
4989,16610004867
4990,16610004868
4991,16610004869
4992,16610004870
4993,16610004871
4994,16610004872
4995,16610004873
4996,16610004874
4997,16610004875
4998,16610004876
4999,16610004877
5000,16610004878
5001,16610004879
5002,16610004880
5003,16610004881
5004,16610004882
5005,16610004883
5006,16610004884
5007,16610004885
5008,16610004886
5009,16610004887
5010,16610004888
5011,16610004889
5012,16610004890
5013,16610004891
5014,16610004892
5015,16610004893
5016,16610004894
5017,16610004895
5018,16610004896
5019,16610004897
5020,16610004898
5021,16610004899
5022,16610004900
5023,16610004901
5024,16610004902
5025,16610004903
5026,16610004904
5027,16610004905
5028,16610004906
5029,16610004907
5030,16610004908
5031,16610004909
5032,16610004910
5033,16610004911
5034,16610004912
5035,16610004913
5036,16610004914
5037,16610004915
5038,16610004916
5039,16610004917
5040,16610004918
5041,16610004919
5042,16610004920
5043,16610004921
5044,16610004922
5045,16610004923
5046,16610004924
5047,16610004925
5048,16610004926
5049,16610004927
5050,16610004928
5051,16610004929
5052,16610004930
5053,16610004931
5054,16610004932
5055,16610004933
5056,16610004934
5057,16610004935
5058,16610004936
5059,16610004937
5060,16610004938
5061,16610004939
5062,16610004940
5063,16610004941
5064,16610004942
5065,16610004943
5066,16610004944
5067,16610004945
5068,16610004946
5069,16610004947
5070,16610004948
5071,16610004949
5072,16610004950
5073,16610004951
5074,16610004952
5075,16610004953
5076,16610004954
5077,16610004955
5078,16610004956
5079,16610004957
5080,16610004958
5081,16610004959
5082,16610004960
5083,16610004961
5084,16610004962
5085,16610004963
5086,16610004964
5087,16610004965
5088,16610004966
5089,16610004967
5090,16610004968
5091,16610004969
5092,16610004970
5093,16610004971
5094,16610004972
5095,16610004973
5096,16610004974
5097,16610004975
5098,16610004976
5099,16610004977
5100,16610004978
5101,16610004979
5102,16610004980
5103,16610004981
5104,16610004982
5105,16610004983
5106,16610004984
5107,16610004985
5108,16610004986
5109,16610004987
5110,16610004988
5111,16610004989
5112,16610004990
5113,16610004991
5114,16610004992
5115,16610004993
5116,16610004994
5117,16610004995
5118,16610004996
5119,16610004997
5120,16610004998
5121,16610004999
5122,16610005000
5123,16610005001
5124,16610005002
5125,16610005003
5126,16610005004
5127,16610005005
5128,16610005006
5129,16610005007
5130,16610005008
5131,16610005009
5132,16610005010
5133,16610005011
5134,16610005012
5135,16610005013
5136,16610005014
5137,16610005015
5138,16610005016
5139,16610005017
5140,16610005018
5141,16610005019
5142,16610005020
5143,16610005021
5144,16610005022
5145,16610005023
5146,16610005024
5147,16610005025
5148,16610005026
5149,16610005027
5150,16610005028
5151,16610005029
5152,16610005030
5153,16610005031
5154,16610005032
5155,16610005033
5156,16610005034
5157,16610005035
5158,16610005036
5159,16610005037
5160,16610005038
5161,16610005039
5162,16610005040
5163,16610005041
5164,16610005042
5165,16610005043
5166,16610005044
5167,16610005045
5168,16610005046
5169,16610005047
5170,16610005048
5171,16610005049
5172,16610005050
5173,16610005051
5174,16610005052
5175,16610005053
5176,16610005054
5177,16610005055
5178,16610005056
5179,16610005057
5180,16610005058
5181,16610005059
5182,16610005060
5183,16610005061
5184,16610005062
5185,16610005063
5186,16610005064
5187,16610005065
5188,16610005066
5189,16610005067
5190,16610005068
5191,16610005069
5192,16610005070
5193,16610005071
5194,16610005072
5195,16610005073
5196,16610005074
5197,16610005075
5198,16610005076
5199,16610005077
5200,16610005078
5201,16610005079
5202,16610005080
5203,16610005081
5204,16610005082
5205,16610005083
5206,16610005084
5207,16610005085
5208,16610005086
5209,16610005087
5210,16610005088
5211,16610005089
5212,16610005090
5213,16610005091
5214,16610005092
5215,16610005093
5216,16610005094
5217,16610005095
5218,16610005096
5219,16610005097
5220,16610005098
5221,16610005099
5222,16610005100
5223,16610005101
5224,16610005102
5225,16610005103
5226,16610005104
5227,16610005105
5228,16610005106
5229,16610005107
5230,16610005108
5231,16610005109
5232,16610005110
5233,16610005111
5234,16610005112
5235,16610005113
5236,16610005114
5237,16610005115
5238,16610005116
5239,16610005117
5240,16610005118
5241,16610005119
5242,16610005120
5243,16610005121
5244,16610005122
5245,16610005123
5246,16610005124
5247,16610005125
5248,16610005126
5249,16610005127
5250,16610005128
5251,16610005129
5252,16610005130
5253,16610005131
5254,16610005132
5255,16610005133
5256,16610005134
5257,16610005135
5258,16610005136
5259,16610005137
5260,16610005138
5261,16610005139
5262,16610005140
5263,16610005141
5264,16610005142
5265,16610005143
5266,16610005144
5267,16610005145
5268,16610005146
5269,16610005147
5270,16610005148
5271,16610005149
5272,16610005150
5273,16610005151
5274,16610005152
5275,16610005153
5276,16610005154
5277,16610005155
5278,16610005156
5279,16610005157
5280,16610005158
5281,16610005159
5282,16610005160
5283,16610005161
5284,16610005162
5285,16610005163
5286,16610005164
5287,16610005165
5288,16610005166
5289,16610005167
5290,16610005168
5291,16610005169
5292,16610005170
5293,16610005171
5294,16610005172
5295,16610005173
5296,16610005174
5297,16610005175
5298,16610005176
5299,16610005177
5300,16610005178
5301,16610005179
5302,16610005180
5303,16610005181
5304,16610005182
5305,16610005183
5306,16610005184
5307,16610005185
5308,16610005186
5309,16610005187
5310,16610005188
5311,16610005189
5312,16610005190
5313,16610005191
5314,16610005192
5315,16610005193
5316,16610005194
5317,16610005195
5318,16610005196
5319,16610005197
5320,16610005198
5321,16610005199
5322,16610005200
5323,16610005201
5324,16610005202
5325,16610005203
5326,16610005204
5327,16610005205
5328,16610005206
5329,16610005207
5330,16610005208
5331,16610005209
5332,16610005210
5333,16610005211
5334,16610005212
5335,16610005213
5336,16610005214
5337,16610005215
5338,16610005216
5339,16610005217
5340,16610005218
5341,16610005219
5342,16610005220
5343,16610005221
5344,16610005222
5345,16610005223
5346,16610005224
5347,16610005225
5348,16610005226
5349,16610005227
5350,16610005228
5351,16610005229
5352,16610005230
5353,16610005231
5354,16610005232
5355,16610005233
5356,16610005234
5357,16610005235
5358,16610005236
5359,16610005237
5360,16610005238
5361,16610005239
5362,16610005240
5363,16610005241
5364,16610005242
5365,16610005243
5366,16610005244
5367,16610005245
5368,16610005246
5369,16610005247
5370,16610005248
5371,16610005249
5372,16610005250
5373,16610005251
5374,16610005252
5375,16610005253
5376,16610005254
5377,16610005255
5378,16610005256
5379,16610005257
5380,16610005258
5381,16610005259
5382,16610005260
5383,16610005261
5384,16610005262
5385,16610005263
5386,16610005264
5387,16610005265
5388,16610005266
5389,16610005267
5390,16610005268
5391,16610005269
5392,16610005270
5393,16610005271
5394,16610005272
5395,16610005273
5396,16610005274
5397,16610005275
5398,16610005276
5399,16610005277
5400,16610005278
5401,16610005279
5402,16610005280
5403,16610005281
5404,16610005282
5405,16610005283
5406,16610005284
5407,16610005285
5408,16610005286
5409,16610005287
5410,16610005288
5411,16610005289
5412,16610005290
5413,16610005291
5414,16610005292
5415,16610005293
5416,16610005294
5417,16610005295
5418,16610005296
5419,16610005297
5420,16610005298
5421,16610005299
5422,16610005300
5423,16610005301
5424,16610005302
5425,16610005303
5426,16610005304
5427,16610005305
5428,16610005306
5429,16610005307
5430,16610005308
5431,16610005309
5432,16610005310
5433,16610005311
5434,16610005312
5435,16610005313
5436,16610005314
5437,16610005315
5438,16610005316
5439,16610005317
5440,16610005318
5441,16610005319
5442,16610005320
5443,16610005321
5444,16610005322
5445,16610005323
5446,16610005324
5447,16610005325
5448,16610005326
5449,16610005327
5450,16610005328
5451,16610005329
5452,16610005330
5453,16610005331
5454,16610005332
5455,16610005333
5456,16610005334
5457,16610005335
5458,16610005336
5459,16610005337
5460,16610005338
5461,16610005339
5462,16610005340
5463,16610005341
5464,16610005342
5465,16610005343
5466,16610005344
5467,16610005345
5468,16610005346
5469,16610005347
5470,16610005348
5471,16610005349
5472,16610005350
5473,16610005351
5474,16610005352
5475,16610005353
5476,16610005354
5477,16610005355
5478,16610005356
5479,16610005357
5480,16610005358
5481,16610005359
5482,16610005360
5483,16610005361
5484,16610005362
5485,16610005363
5486,16610005364
5487,16610005365
5488,16610005366
5489,16610005367
5490,16610005368
5491,16610005369
5492,16610005370
5493,16610005371
5494,16610005372
5495,16610005373
5496,16610005374
5497,16610005375
5498,16610005376
5499,16610005377
5500,16610005378
5501,16610005379
5502,16610005380
5503,16610005381
5504,16610005382
5505,16610005383
5506,16610005384
5507,16610005385
5508,16610005386
5509,16610005387
5510,16610005388
5511,16610005389
5512,16610005390
5513,16610005391
5514,16610005392
5515,16610005393
5516,16610005394
5517,16610005395
5518,16610005396
5519,16610005397
5520,16610005398
5521,16610005399
5522,16610005400
5523,16610005401
5524,16610005402
5525,16610005403
5526,16610005404
5527,16610005405
5528,16610005406
5529,16610005407
5530,16610005408
5531,16610005409
5532,16610005410
5533,16610005411
5534,16610005412
5535,16610005413
5536,16610005414
5537,16610005415
5538,16610005416
5539,16610005417
5540,16610005418
5541,16610005419
5542,16610005420
5543,16610005421
5544,16610005422
5545,16610005423
5546,16610005424
5547,16610005425
5548,16610005426
5549,16610005427
5550,16610005428
5551,16610005429
5552,16610005430
5553,16610005431
5554,16610005432
5555,16610005433
5556,16610005434
5557,16610005435
5558,16610005436
5559,16610005437
5560,16610005438
5561,16610005439
5562,16610005440
5563,16610005441
5564,16610005442
5565,16610005443
5566,16610005444
5567,16610005445
5568,16610005446
5569,16610005447
5570,16610005448
5571,16610005449
5572,16610005450
5573,16610005451
5574,16610005452
5575,16610005453
5576,16610005454
5577,16610005455
5578,16610005456
5579,16610005457
5580,16610005458
5581,16610005459
5582,16610005460
5583,16610005461
5584,16610005462
5585,16610005463
5586,16610005464
5587,16610005465
5588,16610005466
5589,16610005467
5590,16610005468
5591,16610005469
5592,16610005470
5593,16610005471
5594,16610005472
5595,16610005473
5596,16610005474
5597,16610005475
5598,16610005476
5599,16610005477
5600,16610005478
5601,16610005479
5602,16610005480
5603,16610005481
5604,16610005482
5605,16610005483
5606,16610005484
5607,16610005485
5608,16610005486
5609,16610005487
5610,16610005488
5611,16610005489
5612,16610005490
5613,16610005491
5614,16610005492
5615,16610005493
5616,16610005494
5617,16610005495
5618,16610005496
5619,16610005497
5620,16610005498
5621,16610005499
5622,16610005500
5623,16610005501
5624,16610005502
5625,16610005503
5626,16610005504
5627,16610005505
5628,16610005506
5629,16610005507
5630,16610005508
5631,16610005509
5632,16610005510
5633,16610005511
5634,16610005512
5635,16610005513
5636,16610005514
5637,16610005515
5638,16610005516
5639,16610005517
5640,16610005518
5641,16610005519
5642,16610005520
5643,16610005521
5644,16610005522
5645,16610005523
5646,16610005524
5647,16610005525
5648,16610005526
5649,16610005527
5650,16610005528
5651,16610005529
5652,16610005530
5653,16610005531
5654,16610005532
5655,16610005533
5656,16610005534
5657,16610005535
5658,16610005536
5659,16610005537
5660,16610005538
5661,16610005539
5662,16610005540
5663,16610005541
5664,16610005542
5665,16610005543
5666,16610005544
5667,16610005545
5668,16610005546
5669,16610005547
5670,16610005548
5671,16610005549
5672,16610005550
5673,16610005551
5674,16610005552
5675,16610005553
5676,16610005554
5677,16610005555
5678,16610005556
5679,16610005557
5680,16610005558
5681,16610005559
5682,16610005560
5683,16610005561
5684,16610005562
5685,16610005563
5686,16610005564
5687,16610005565
5688,16610005566
5689,16610005567
5690,16610005568
5691,16610005569
5692,16610005570
5693,16610005571
5694,16610005572
5695,16610005573
5696,16610005574
5697,16610005575
5698,16610005576
5699,16610005577
5700,16610005578
5701,16610005579
5702,16610005580
5703,16610005581
5704,16610005582
5705,16610005583
5706,16610005584
5707,16610005585
5708,16610005586
5709,16610005587
5710,16610005588
5711,16610005589
5712,16610005590
5713,16610005591
5714,16610005592
5715,16610005593
5716,16610005594
5717,16610005595
5718,16610005596
5719,16610005597
5720,16610005598
5721,16610005599
5722,16610005600
5723,16610005601
5724,16610005602
5725,16610005603
5726,16610005604
5727,16610005605
5728,16610005606
5729,16610005607
5730,16610005608
5731,16610005609
5732,16610005610
5733,16610005611
5734,16610005612
5735,16610005613
5736,16610005614
5737,16610005615
5738,16610005616
5739,16610005617
5740,16610005618
5741,16610005619
5742,16610005620
5743,16610005621
5744,16610005622
5745,16610005623
5746,16610005624
5747,16610005625
5748,16610005626
5749,16610005627
5750,16610005628
5751,16610005629
5752,16610005630
5753,16610005631
5754,16610005632
5755,16610005633
5756,16610005634
5757,16610005635
5758,16610005636
5759,16610005637
5760,16610005638
5761,16610005639
5762,16610005640
5763,16610005641
5764,16610005642
5765,16610005643
5766,16610005644
5767,16610005645
5768,16610005646
5769,16610005647
5770,16610005648
5771,16610005649
5772,16610005650
5773,16610005651
5774,16610005652
5775,16610005653
5776,16610005654
5777,16610005655
5778,16610005656
5779,16610005657
5780,16610005658
5781,16610005659
5782,16610005660
5783,16610005661
5784,16610005662
5785,16610005663
5786,16610005664
5787,16610005665
5788,16610005666
5789,16610005667
5790,16610005668
5791,16610005669
5792,16610005670
5793,16610005671
5794,16610005672
5795,16610005673
5796,16610005674
5797,16610005675
5798,16610005676
5799,16610005677
5800,16610005678
5801,16610005679
5802,16610005680
5803,16610005681
5804,16610005682
5805,16610005683
5806,16610005684
5807,16610005685
5808,16610005686
5809,16610005687
5810,16610005688
5811,16610005689
5812,16610005690
5813,16610005691
5814,16610005692
5815,16610005693
5816,16610005694
5817,16610005695
5818,16610005696
5819,16610005697
5820,16610005698
5821,16610005699
5822,16610005700
5823,16610005701
5824,16610005702
5825,16610005703
5826,16610005704
5827,16610005705
5828,16610005706
5829,16610005707
5830,16610005708
5831,16610005709
5832,16610005710
5833,16610005711
5834,16610005712
5835,16610005713
5836,16610005714
5837,16610005715
5838,16610005716
5839,16610005717
5840,16610005718
5841,16610005719
5842,16610005720
5843,16610005721
5844,16610005722
5845,16610005723
5846,16610005724
5847,16610005725
5848,16610005726
5849,16610005727
5850,16610005728
5851,16610005729
5852,16610005730
5853,16610005731
5854,16610005732
5855,16610005733
5856,16610005734
5857,16610005735
5858,16610005736
5859,16610005737
5860,16610005738
5861,16610005739
5862,16610005740
5863,16610005741
5864,16610005742
5865,16610005743
5866,16610005744
5867,16610005745
5868,16610005746
5869,16610005747
5870,16610005748
5871,16610005749
5872,16610005750
5873,16610005751
5874,16610005752
5875,16610005753
5876,16610005754
5877,16610005755
5878,16610005756
5879,16610005757
5880,16610005758
5881,16610005759
5882,16610005760
5883,16610005761
5884,16610005762
5885,16610005763
5886,16610005764
5887,16610005765
5888,16610005766
5889,16610005767
5890,16610005768
5891,16610005769
5892,16610005770
5893,16610005771
5894,16610005772
5895,16610005773
5896,16610005774
5897,16610005775
5898,16610005776
5899,16610005777
5900,16610005778
5901,16610005779
5902,16610005780
5903,16610005781
5904,16610005782
5905,16610005783
5906,16610005784
5907,16610005785
5908,16610005786
5909,16610005787
5910,16610005788
5911,16610005789
5912,16610005790
5913,16610005791
5914,16610005792
5915,16610005793
5916,16610005794
5917,16610005795
5918,16610005796
5919,16610005797
5920,16610005798
5921,16610005799
5922,16610005800
5923,16610005801
5924,16610005802
5925,16610005803
5926,16610005804
5927,16610005805
5928,16610005806
5929,16610005807
5930,16610005808
5931,16610005809
5932,16610005810
5933,16610005811
5934,16610005812
5935,16610005813
5936,16610005814
5937,16610005815
5938,16610005816
5939,16610005817
5940,16610005818
5941,16610005819
5942,16610005820
5943,16610005821
5944,16610005822
5945,16610005823
5946,16610005824
5947,16610005825
5948,16610005826
5949,16610005827
5950,16610005828
5951,16610005829
5952,16610005830
5953,16610005831
5954,16610005832
5955,16610005833
5956,16610005834
5957,16610005835
5958,16610005836
5959,16610005837
5960,16610005838
5961,16610005839
5962,16610005840
5963,16610005841
5964,16610005842
5965,16610005843
5966,16610005844
5967,16610005845
5968,16610005846
5969,16610005847
5970,16610005848
5971,16610005849
5972,16610005850
5973,16610005851
5974,16610005852
5975,16610005853
5976,16610005854
5977,16610005855
5978,16610005856
5979,16610005857
5980,16610005858
5981,16610005859
5982,16610005860
5983,16610005861
5984,16610005862
5985,16610005863
5986,16610005864
5987,16610005865
5988,16610005866
5989,16610005867
5990,16610005868
5991,16610005869
5992,16610005870
5993,16610005871
5994,16610005872
5995,16610005873
5996,16610005874
5997,16610005875
5998,16610005876
5999,16610005877
6000,16610005878
6001,16610005879
6002,16610005880
6003,16610005881
6004,16610005882
6005,16610005883
6006,16610005884
6007,16610005885
6008,16610005886
6009,16610005887
6010,16610005888
6011,16610005889
6012,16610005890
6013,16610005891
6014,16610005892
6015,16610005893
6016,16610005894
6017,16610005895
6018,16610005896
6019,16610005897
6020,16610005898
6021,16610005899
6022,16610005900
6023,16610005901
6024,16610005902
6025,16610005903
6026,16610005904
6027,16610005905
6028,16610005906
6029,16610005907
6030,16610005908
6031,16610005909
6032,16610005910
6033,16610005911
6034,16610005912
6035,16610005913
6036,16610005914
6037,16610005915
6038,16610005916
6039,16610005917
6040,16610005918
6041,16610005919
6042,16610005920
6043,16610005921
6044,16610005922
6045,16610005923
6046,16610005924
6047,16610005925
6048,16610005926
6049,16610005927
6050,16610005928
6051,16610005929
6052,16610005930
6053,16610005931
6054,16610005932
6055,16610005933
6056,16610005934
6057,16610005935
6058,16610005936
6059,16610005937
6060,16610005938
6061,16610005939
6062,16610005940
6063,16610005941
6064,16610005942
6065,16610005943
6066,16610005944
6067,16610005945
6068,16610005946
6069,16610005947
6070,16610005948
6071,16610005949
6072,16610005950
6073,16610005951
6074,16610005952
6075,16610005953
6076,16610005954
6077,16610005955
6078,16610005956
6079,16610005957
6080,16610005958
6081,16610005959
6082,16610005960
6083,16610005961
6084,16610005962
6085,16610005963
6086,16610005964
6087,16610005965
6088,16610005966
6089,16610005967
6090,16610005968
6091,16610005969
6092,16610005970
6093,16610005971
6094,16610005972
6095,16610005973
6096,16610005974
6097,16610005975
6098,16610005976
6099,16610005977
6100,16610005978
6101,16610005979
6102,16610005980
6103,16610005981
6104,16610005982
6105,16610005983
6106,16610005984
6107,16610005985
6108,16610005986
6109,16610005987
6110,16610005988
6111,16610005989
6112,16610005990
6113,16610005991
6114,16610005992
6115,16610005993
6116,16610005994
6117,16610005995
6118,16610005996
6119,16610005997
6120,16610005998
6121,16610005999
6122,16610006000
6123,16610006001
6124,16610006002
6125,16610006003
6126,16610006004
6127,16610006005
6128,16610006006
6129,16610006007
6130,16610006008
6131,16610006009
6132,16610006010
6133,16610006011
6134,16610006012
6135,16610006013
6136,16610006014
6137,16610006015
6138,16610006016
6139,16610006017
6140,16610006018
6141,16610006019
6142,16610006020
6143,16610006021
6144,16610006022
6145,16610006023
6146,16610006024
6147,16610006025
6148,16610006026
6149,16610006027
6150,16610006028
6151,16610006029
6152,16610006030
6153,16610006031
6154,16610006032
6155,16610006033
6156,16610006034
6157,16610006035
6158,16610006036
6159,16610006037
6160,16610006038
6161,16610006039
6162,16610006040
6163,16610006041
6164,16610006042
6165,16610006043
6166,16610006044
6167,16610006045
6168,16610006046
6169,16610006047
6170,16610006048
6171,16610006049
6172,16610006050
6173,16610006051
6174,16610006052
6175,16610006053
6176,16610006054
6177,16610006055
6178,16610006056
6179,16610006057
6180,16610006058
6181,16610006059
6182,16610006060
6183,16610006061
6184,16610006062
6185,16610006063
6186,16610006064
6187,16610006065
6188,16610006066
6189,16610006067
6190,16610006068
6191,16610006069
6192,16610006070
6193,16610006071
6194,16610006072
6195,16610006073
6196,16610006074
6197,16610006075
6198,16610006076
6199,16610006077
6200,16610006078
6201,16610006079
6202,16610006080
6203,16610006081
6204,16610006082
6205,16610006083
6206,16610006084
6207,16610006085
6208,16610006086
6209,16610006087
6210,16610006088
6211,16610006089
6212,16610006090
6213,16610006091
6214,16610006092
6215,16610006093
6216,16610006094
6217,16610006095
6218,16610006096
6219,16610006097
6220,16610006098
6221,16610006099
6222,16610006100
6223,16610006101
6224,16610006102
6225,16610006103
6226,16610006104
6227,16610006105
6228,16610006106
6229,16610006107
6230,16610006108
6231,16610006109
6232,16610006110
6233,16610006111
6234,16610006112
6235,16610006113
6236,16610006114
6237,16610006115
6238,16610006116
6239,16610006117
6240,16610006118
6241,16610006119
6242,16610006120
6243,16610006121
6244,16610006122
6245,16610006123
6246,16610006124
6247,16610006125
6248,16610006126
6249,16610006127
6250,16610006128
6251,16610006129
6252,16610006130
6253,16610006131
6254,16610006132
6255,16610006133
6256,16610006134
6257,16610006135
6258,16610006136
6259,16610006137
6260,16610006138
6261,16610006139
6262,16610006140
6263,16610006141
6264,16610006142
6265,16610006143
6266,16610006144
6267,16610006145
6268,16610006146
6269,16610006147
6270,16610006148
6271,16610006149
6272,16610006150
6273,16610006151
6274,16610006152
6275,16610006153
6276,16610006154
6277,16610006155
6278,16610006156
6279,16610006157
6280,16610006158
6281,16610006159
6282,16610006160
6283,16610006161
6284,16610006162
6285,16610006163
6286,16610006164
6287,16610006165
6288,16610006166
6289,16610006167
6290,16610006168
6291,16610006169
6292,16610006170
6293,16610006171
6294,16610006172
6295,16610006173
6296,16610006174
6297,16610006175
6298,16610006176
6299,16610006177
6300,16610006178
6301,16610006179
6302,16610006180
6303,16610006181
6304,16610006182
6305,16610006183
6306,16610006184
6307,16610006185
6308,16610006186
6309,16610006187
6310,16610006188
6311,16610006189
6312,16610006190
6313,16610006191
6314,16610006192
6315,16610006193
6316,16610006194
6317,16610006195
6318,16610006196
6319,16610006197
6320,16610006198
6321,16610006199
6322,16610006200
6323,16610006201
6324,16610006202
6325,16610006203
6326,16610006204
6327,16610006205
6328,16610006206
6329,16610006207
6330,16610006208
6331,16610006209
6332,16610006210
6333,16610006211
6334,16610006212
6335,16610006213
6336,16610006214
6337,16610006215
6338,16610006216
6339,16610006217
6340,16610006218
6341,16610006219
6342,16610006220
6343,16610006221
6344,16610006222
6345,16610006223
6346,16610006224
6347,16610006225
6348,16610006226
6349,16610006227
6350,16610006228
6351,16610006229
6352,16610006230
6353,16610006231
6354,16610006232
6355,16610006233
6356,16610006234
6357,16610006235
6358,16610006236
6359,16610006237
6360,16610006238
6361,16610006239
6362,16610006240
6363,16610006241
6364,16610006242
6365,16610006243
6366,16610006244
6367,16610006245
6368,16610006246
6369,16610006247
6370,16610006248
6371,16610006249
6372,16610006250
6373,16610006251
6374,16610006252
6375,16610006253
6376,16610006254
6377,16610006255
6378,16610006256
6379,16610006257
6380,16610006258
6381,16610006259
6382,16610006260
6383,16610006261
6384,16610006262
6385,16610006263
6386,16610006264
6387,16610006265
6388,16610006266
6389,16610006267
6390,16610006268
6391,16610006269
6392,16610006270
6393,16610006271
6394,16610006272
6395,16610006273
6396,16610006274
6397,16610006275
6398,16610006276
6399,16610006277
6400,16610006278
6401,16610006279
6402,16610006280
6403,16610006281
6404,16610006282
6405,16610006283
6406,16610006284
6407,16610006285
6408,16610006286
6409,16610006287
6410,16610006288
6411,16610006289
6412,16610006290
6413,16610006291
6414,16610006292
6415,16610006293
6416,16610006294
6417,16610006295
6418,16610006296
6419,16610006297
6420,16610006298
6421,16610006299
6422,16610006300
6423,16610006301
6424,16610006302
6425,16610006303
6426,16610006304
6427,16610006305
6428,16610006306
6429,16610006307
6430,16610006308
6431,16610006309
6432,16610006310
6433,16610006311
6434,16610006312
6435,16610006313
6436,16610006314
6437,16610006315
6438,16610006316
6439,16610006317
6440,16610006318
6441,16610006319
6442,16610006320
6443,16610006321
6444,16610006322
6445,16610006323
6446,16610006324
6447,16610006325
6448,16610006326
6449,16610006327
6450,16610006328
6451,16610006329
6452,16610006330
6453,16610006331
6454,16610006332
6455,16610006333
6456,16610006334
6457,16610006335
6458,16610006336
6459,16610006337
6460,16610006338
6461,16610006339
6462,16610006340
6463,16610006341
6464,16610006342
6465,16610006343
6466,16610006344
6467,16610006345
6468,16610006346
6469,16610006347
6470,16610006348
6471,16610006349
6472,16610006350
6473,16610006351
6474,16610006352
6475,16610006353
6476,16610006354
6477,16610006355
6478,16610006356
6479,16610006357
6480,16610006358
6481,16610006359
6482,16610006360
6483,16610006361
6484,16610006362
6485,16610006363
6486,16610006364
6487,16610006365
6488,16610006366
6489,16610006367
6490,16610006368
6491,16610006369
6492,16610006370
6493,16610006371
6494,16610006372
6495,16610006373
6496,16610006374
6497,16610006375
6498,16610006376
6499,16610006377
6500,16610006378
6501,16610006379
6502,16610006380
6503,16610006381
6504,16610006382
6505,16610006383
6506,16610006384
6507,16610006385
6508,16610006386
6509,16610006387
6510,16610006388
6511,16610006389
6512,16610006390
6513,16610006391
6514,16610006392
6515,16610006393
6516,16610006394
6517,16610006395
6518,16610006396
6519,16610006397
6520,16610006398
6521,16610006399
6522,16610006400
6523,16610006401
6524,16610006402
6525,16610006403
6526,16610006404
6527,16610006405
6528,16610006406
6529,16610006407
6530,16610006408
6531,16610006409
6532,16610006410
6533,16610006411
6534,16610006412
6535,16610006413
6536,16610006414
6537,16610006415
6538,16610006416
6539,16610006417
6540,16610006418
6541,16610006419
6542,16610006420
6543,16610006421
6544,16610006422
6545,16610006423
6546,16610006424
6547,16610006425
6548,16610006426
6549,16610006427
6550,16610006428
6551,16610006429
6552,16610006430
6553,16610006431
6554,16610006432
6555,16610006433
6556,16610006434
6557,16610006435
6558,16610006436
6559,16610006437
6560,16610006438
6561,16610006439
6562,16610006440
6563,16610006441
6564,16610006442
6565,16610006443
6566,16610006444
6567,16610006445
6568,16610006446
6569,16610006447
6570,16610006448
6571,16610006449
6572,16610006450
6573,16610006451
6574,16610006452
6575,16610006453
6576,16610006454
6577,16610006455
6578,16610006456
6579,16610006457
6580,16610006458
6581,16610006459
6582,16610006460
6583,16610006461
6584,16610006462
6585,16610006463
6586,16610006464
6587,16610006465
6588,16610006466
6589,16610006467
6590,16610006468
6591,16610006469
6592,16610006470
6593,16610006471
6594,16610006472
6595,16610006473
6596,16610006474
6597,16610006475
6598,16610006476
6599,16610006477
6600,16610006478
6601,16610006479
6602,16610006480
6603,16610006481
6604,16610006482
6605,16610006483
6606,16610006484
6607,16610006485
6608,16610006486
6609,16610006487
6610,16610006488
6611,16610006489
6612,16610006490
6613,16610006491
6614,16610006492
6615,16610006493
6616,16610006494
6617,16610006495
6618,16610006496
6619,16610006497
6620,16610006498
6621,16610006499
6622,16610006500
6623,16610006501
6624,16610006502
6625,16610006503
6626,16610006504
6627,16610006505
6628,16610006506
6629,16610006507
6630,16610006508
6631,16610006509
6632,16610006510
6633,16610006511
6634,16610006512
6635,16610006513
6636,16610006514
6637,16610006515
6638,16610006516
6639,16610006517
6640,16610006518
6641,16610006519
6642,16610006520
6643,16610006521
6644,16610006522
6645,16610006523
6646,16610006524
6647,16610006525
6648,16610006526
6649,16610006527
6650,16610006528
6651,16610006529
6652,16610006530
6653,16610006531
6654,16610006532
6655,16610006533
6656,16610006534
6657,16610006535
6658,16610006536
6659,16610006537
6660,16610006538
6661,16610006539
6662,16610006540
6663,16610006541
6664,16610006542
6665,16610006543
6666,16610006544
6667,16610006545
6668,16610006546
6669,16610006547
6670,16610006548
6671,16610006549
6672,16610006550
6673,16610006551
6674,16610006552
6675,16610006553
6676,16610006554
6677,16610006555
6678,16610006556
6679,16610006557
6680,16610006558
6681,16610006559
6682,16610006560
6683,16610006561
6684,16610006562
6685,16610006563
6686,16610006564
6687,16610006565
6688,16610006566
6689,16610006567
6690,16610006568
6691,16610006569
6692,16610006570
6693,16610006571
6694,16610006572
6695,16610006573
6696,16610006574
6697,16610006575
6698,16610006576
6699,16610006577
6700,16610006578
6701,16610006579
6702,16610006580
6703,16610006581
6704,16610006582
6705,16610006583
6706,16610006584
6707,16610006585
6708,16610006586
6709,16610006587
6710,16610006588
6711,16610006589
6712,16610006590
6713,16610006591
6714,16610006592
6715,16610006593
6716,16610006594
6717,16610006595
6718,16610006596
6719,16610006597
6720,16610006598
6721,16610006599
6722,16610006600
6723,16610006601
6724,16610006602
6725,16610006603
6726,16610006604
6727,16610006605
6728,16610006606
6729,16610006607
6730,16610006608
6731,16610006609
6732,16610006610
6733,16610006611
6734,16610006612
6735,16610006613
6736,16610006614
6737,16610006615
6738,16610006616
6739,16610006617
6740,16610006618
6741,16610006619
6742,16610006620
6743,16610006621
6744,16610006622
6745,16610006623
6746,16610006624
6747,16610006625
6748,16610006626
6749,16610006627
6750,16610006628
6751,16610006629
6752,16610006630
6753,16610006631
6754,16610006632
6755,16610006633
6756,16610006634
6757,16610006635
6758,16610006636
6759,16610006637
6760,16610006638
6761,16610006639
6762,16610006640
6763,16610006641
6764,16610006642
6765,16610006643
6766,16610006644
6767,16610006645
6768,16610006646
6769,16610006647
6770,16610006648
6771,16610006649
6772,16610006650
6773,16610006651
6774,16610006652
6775,16610006653
6776,16610006654
6777,16610006655
6778,16610006656
6779,16610006657
6780,16610006658
6781,16610006659
6782,16610006660
6783,16610006661
6784,16610006662
6785,16610006663
6786,16610006664
6787,16610006665
6788,16610006666
6789,16610006667
6790,16610006668
6791,16610006669
6792,16610006670
6793,16610006671
6794,16610006672
6795,16610006673
6796,16610006674
6797,16610006675
6798,16610006676
6799,16610006677
6800,16610006678
6801,16610006679
6802,16610006680
6803,16610006681
6804,16610006682
6805,16610006683
6806,16610006684
6807,16610006685
6808,16610006686
6809,16610006687
6810,16610006688
6811,16610006689
6812,16610006690
6813,16610006691
6814,16610006692
6815,16610006693
6816,16610006694
6817,16610006695
6818,16610006696
6819,16610006697
6820,16610006698
6821,16610006699
6822,16610006700
6823,16610006701
6824,16610006702
6825,16610006703
6826,16610006704
6827,16610006705
6828,16610006706
6829,16610006707
6830,16610006708
6831,16610006709
6832,16610006710
6833,16610006711
6834,16610006712
6835,16610006713
6836,16610006714
6837,16610006715
6838,16610006716
6839,16610006717
6840,16610006718
6841,16610006719
6842,16610006720
6843,16610006721
6844,16610006722
6845,16610006723
6846,16610006724
6847,16610006725
6848,16610006726
6849,16610006727
6850,16610006728
6851,16610006729
6852,16610006730
6853,16610006731
6854,16610006732
6855,16610006733
6856,16610006734
6857,16610006735
6858,16610006736
6859,16610006737
6860,16610006738
6861,16610006739
6862,16610006740
6863,16610006741
6864,16610006742
6865,16610006743
6866,16610006744
6867,16610006745
6868,16610006746
6869,16610006747
6870,16610006748
6871,16610006749
6872,16610006750
6873,16610006751
6874,16610006752
6875,16610006753
6876,16610006754
6877,16610006755
6878,16610006756
6879,16610006757
6880,16610006758
6881,16610006759
6882,16610006760
6883,16610006761
6884,16610006762
6885,16610006763
6886,16610006764
6887,16610006765
6888,16610006766
6889,16610006767
6890,16610006768
6891,16610006769
6892,16610006770
6893,16610006771
6894,16610006772
6895,16610006773
6896,16610006774
6897,16610006775
6898,16610006776
6899,16610006777
6900,16610006778
6901,16610006779
6902,16610006780
6903,16610006781
6904,16610006782
6905,16610006783
6906,16610006784
6907,16610006785
6908,16610006786
6909,16610006787
6910,16610006788
6911,16610006789
6912,16610006790
6913,16610006791
6914,16610006792
6915,16610006793
6916,16610006794
6917,16610006795
6918,16610006796
6919,16610006797
6920,16610006798
6921,16610006799
6922,16610006800
6923,16610006801
6924,16610006802
6925,16610006803
6926,16610006804
6927,16610006805
6928,16610006806
6929,16610006807
6930,16610006808
6931,16610006809
6932,16610006810
6933,16610006811
6934,16610006812
6935,16610006813
6936,16610006814
6937,16610006815
6938,16610006816
6939,16610006817
6940,16610006818
6941,16610006819
6942,16610006820
6943,16610006821
6944,16610006822
6945,16610006823
6946,16610006824
6947,16610006825
6948,16610006826
6949,16610006827
6950,16610006828
6951,16610006829
6952,16610006830
6953,16610006831
6954,16610006832
6955,16610006833
6956,16610006834
6957,16610006835
6958,16610006836
6959,16610006837
6960,16610006838
6961,16610006839
6962,16610006840
6963,16610006841
6964,16610006842
6965,16610006843
6966,16610006844
6967,16610006845
6968,16610006846
6969,16610006847
6970,16610006848
6971,16610006849
6972,16610006850
6973,16610006851
6974,16610006852
6975,16610006853
6976,16610006854
6977,16610006855
6978,16610006856
6979,16610006857
6980,16610006858
6981,16610006859
6982,16610006860
6983,16610006861
6984,16610006862
6985,16610006863
6986,16610006864
6987,16610006865
6988,16610006866
6989,16610006867
6990,16610006868
6991,16610006869
6992,16610006870
6993,16610006871
6994,16610006872
6995,16610006873
6996,16610006874
6997,16610006875
6998,16610006876
6999,16610006877
7000,16610006878
7001,16610006879
7002,16610006880
7003,16610006881
7004,16610006882
7005,16610006883
7006,16610006884
7007,16610006885
7008,16610006886
7009,16610006887
7010,16610006888
7011,16610006889
7012,16610006890
7013,16610006891
7014,16610006892
7015,16610006893
7016,16610006894
7017,16610006895
7018,16610006896
7019,16610006897
7020,16610006898
7021,16610006899
7022,16610006900
7023,16610006901
7024,16610006902
7025,16610006903
7026,16610006904
7027,16610006905
7028,16610006906
7029,16610006907
7030,16610006908
7031,16610006909
7032,16610006910
7033,16610006911
7034,16610006912
7035,16610006913
7036,16610006914
7037,16610006915
7038,16610006916
7039,16610006917
7040,16610006918
7041,16610006919
7042,16610006920
7043,16610006921
7044,16610006922
7045,16610006923
7046,16610006924
7047,16610006925
7048,16610006926
7049,16610006927
7050,16610006928
7051,16610006929
7052,16610006930
7053,16610006931
7054,16610006932
7055,16610006933
7056,16610006934
7057,16610006935
7058,16610006936
7059,16610006937
7060,16610006938
7061,16610006939
7062,16610006940
7063,16610006941
7064,16610006942
7065,16610006943
7066,16610006944
7067,16610006945
7068,16610006946
7069,16610006947
7070,16610006948
7071,16610006949
7072,16610006950
7073,16610006951
7074,16610006952
7075,16610006953
7076,16610006954
7077,16610006955
7078,16610006956
7079,16610006957
7080,16610006958
7081,16610006959
7082,16610006960
7083,16610006961
7084,16610006962
7085,16610006963
7086,16610006964
7087,16610006965
7088,16610006966
7089,16610006967
7090,16610006968
7091,16610006969
7092,16610006970
7093,16610006971
7094,16610006972
7095,16610006973
7096,16610006974
7097,16610006975
7098,16610006976
7099,16610006977
7100,16610006978
7101,16610006979
7102,16610006980
7103,16610006981
7104,16610006982
7105,16610006983
7106,16610006984
7107,16610006985
7108,16610006986
7109,16610006987
7110,16610006988
7111,16610006989
7112,16610006990
7113,16610006991
7114,16610006992
7115,16610006993
7116,16610006994
7117,16610006995
7118,16610006996
7119,16610006997
7120,16610006998
7121,16610006999
7122,16610007000
7123,16610007001
7124,16610007002
7125,16610007003
7126,16610007004
7127,16610007005
7128,16610007006
7129,16610007007
7130,16610007008
7131,16610007009
7132,16610007010
7133,16610007011
7134,16610007012
7135,16610007013
7136,16610007014
7137,16610007015
7138,16610007016
7139,16610007017
7140,16610007018
7141,16610007019
7142,16610007020
7143,16610007021
7144,16610007022
7145,16610007023
7146,16610007024
7147,16610007025
7148,16610007026
7149,16610007027
7150,16610007028
7151,16610007029
7152,16610007030
7153,16610007031
7154,16610007032
7155,16610007033
7156,16610007034
7157,16610007035
7158,16610007036
7159,16610007037
7160,16610007038
7161,16610007039
7162,16610007040
7163,16610007041
7164,16610007042
7165,16610007043
7166,16610007044
7167,16610007045
7168,16610007046
7169,16610007047
7170,16610007048
7171,16610007049
7172,16610007050
7173,16610007051
7174,16610007052
7175,16610007053
7176,16610007054
7177,16610007055
7178,16610007056
7179,16610007057
7180,16610007058
7181,16610007059
7182,16610007060
7183,16610007061
7184,16610007062
7185,16610007063
7186,16610007064
7187,16610007065
7188,16610007066
7189,16610007067
7190,16610007068
7191,16610007069
7192,16610007070
7193,16610007071
7194,16610007072
7195,16610007073
7196,16610007074
7197,16610007075
7198,16610007076
7199,16610007077
7200,16610007078
7201,16610007079
7202,16610007080
7203,16610007081
7204,16610007082
7205,16610007083
7206,16610007084
7207,16610007085
7208,16610007086
7209,16610007087
7210,16610007088
7211,16610007089
7212,16610007090
7213,16610007091
7214,16610007092
7215,16610007093
7216,16610007094
7217,16610007095
7218,16610007096
7219,16610007097
7220,16610007098
7221,16610007099
7222,16610007100
7223,16610007101
7224,16610007102
7225,16610007103
7226,16610007104
7227,16610007105
7228,16610007106
7229,16610007107
7230,16610007108
7231,16610007109
7232,16610007110
7233,16610007111
7234,16610007112
7235,16610007113
7236,16610007114
7237,16610007115
7238,16610007116
7239,16610007117
7240,16610007118
7241,16610007119
7242,16610007120
7243,16610007121
7244,16610007122
7245,16610007123
7246,16610007124
7247,16610007125
7248,16610007126
7249,16610007127
7250,16610007128
7251,16610007129
7252,16610007130
7253,16610007131
7254,16610007132
7255,16610007133
7256,16610007134
7257,16610007135
7258,16610007136
7259,16610007137
7260,16610007138
7261,16610007139
7262,16610007140
7263,16610007141
7264,16610007142
7265,16610007143
7266,16610007144
7267,16610007145
7268,16610007146
7269,16610007147
7270,16610007148
7271,16610007149
7272,16610007150
7273,16610007151
7274,16610007152
7275,16610007153
7276,16610007154
7277,16610007155
7278,16610007156
7279,16610007157
7280,16610007158
7281,16610007159
7282,16610007160
7283,16610007161
7284,16610007162
7285,16610007163
7286,16610007164
7287,16610007165
7288,16610007166
7289,16610007167
7290,16610007168
7291,16610007169
7292,16610007170
7293,16610007171
7294,16610007172
7295,16610007173
7296,16610007174
7297,16610007175
7298,16610007176
7299,16610007177
7300,16610007178
7301,16610007179
7302,16610007180
7303,16610007181
7304,16610007182
7305,16610007183
7306,16610007184
7307,16610007185
7308,16610007186
7309,16610007187
7310,16610007188
7311,16610007189
7312,16610007190
7313,16610007191
7314,16610007192
7315,16610007193
7316,16610007194
7317,16610007195
7318,16610007196
7319,16610007197
7320,16610007198
7321,16610007199
7322,16610007200
7323,16610007201
7324,16610007202
7325,16610007203
7326,16610007204
7327,16610007205
7328,16610007206
7329,16610007207
7330,16610007208
7331,16610007209
7332,16610007210
7333,16610007211
7334,16610007212
7335,16610007213
7336,16610007214
7337,16610007215
7338,16610007216
7339,16610007217
7340,16610007218
7341,16610007219
7342,16610007220
7343,16610007221
7344,16610007222
7345,16610007223
7346,16610007224
7347,16610007225
7348,16610007226
7349,16610007227
7350,16610007228
7351,16610007229
7352,16610007230
7353,16610007231
7354,16610007232
7355,16610007233
7356,16610007234
7357,16610007235
7358,16610007236
7359,16610007237
7360,16610007238
7361,16610007239
7362,16610007240
7363,16610007241
7364,16610007242
7365,16610007243
7366,16610007244
7367,16610007245
7368,16610007246
7369,16610007247
7370,16610007248
7371,16610007249
7372,16610007250
7373,16610007251
7374,16610007252
7375,16610007253
7376,16610007254
7377,16610007255
7378,16610007256
7379,16610007257
7380,16610007258
7381,16610007259
7382,16610007260
7383,16610007261
7384,16610007262
7385,16610007263
7386,16610007264
7387,16610007265
7388,16610007266
7389,16610007267
7390,16610007268
7391,16610007269
7392,16610007270
7393,16610007271
7394,16610007272
7395,16610007273
7396,16610007274
7397,16610007275
7398,16610007276
7399,16610007277
7400,16610007278
7401,16610007279
7402,16610007280
7403,16610007281
7404,16610007282
7405,16610007283
7406,16610007284
7407,16610007285
7408,16610007286
7409,16610007287
7410,16610007288
7411,16610007289
7412,16610007290
7413,16610007291
7414,16610007292
7415,16610007293
7416,16610007294
7417,16610007295
7418,16610007296
7419,16610007297
7420,16610007298
7421,16610007299
7422,16610007300
7423,16610007301
7424,16610007302
7425,16610007303
7426,16610007304
7427,16610007305
7428,16610007306
7429,16610007307
7430,16610007308
7431,16610007309
7432,16610007310
7433,16610007311
7434,16610007312
7435,16610007313
7436,16610007314
7437,16610007315
7438,16610007316
7439,16610007317
7440,16610007318
7441,16610007319
7442,16610007320
7443,16610007321
7444,16610007322
7445,16610007323
7446,16610007324
7447,16610007325
7448,16610007326
7449,16610007327
7450,16610007328
7451,16610007329
7452,16610007330
7453,16610007331
7454,16610007332
7455,16610007333
7456,16610007334
7457,16610007335
7458,16610007336
7459,16610007337
7460,16610007338
7461,16610007339
7462,16610007340
7463,16610007341
7464,16610007342
7465,16610007343
7466,16610007344
7467,16610007345
7468,16610007346
7469,16610007347
7470,16610007348
7471,16610007349
7472,16610007350
7473,16610007351
7474,16610007352
7475,16610007353
7476,16610007354
7477,16610007355
7478,16610007356
7479,16610007357
7480,16610007358
7481,16610007359
7482,16610007360
7483,16610007361
7484,16610007362
7485,16610007363
7486,16610007364
7487,16610007365
7488,16610007366
7489,16610007367
7490,16610007368
7491,16610007369
7492,16610007370
7493,16610007371
7494,16610007372
7495,16610007373
7496,16610007374
7497,16610007375
7498,16610007376
7499,16610007377
7500,16610007378
7501,16610007379
7502,16610007380
7503,16610007381
7504,16610007382
7505,16610007383
7506,16610007384
7507,16610007385
7508,16610007386
7509,16610007387
7510,16610007388
7511,16610007389
7512,16610007390
7513,16610007391
7514,16610007392
7515,16610007393
7516,16610007394
7517,16610007395
7518,16610007396
7519,16610007397
7520,16610007398
7521,16610007399
7522,16610007400
7523,16610007401
7524,16610007402
7525,16610007403
7526,16610007404
7527,16610007405
7528,16610007406
7529,16610007407
7530,16610007408
7531,16610007409
7532,16610007410
7533,16610007411
7534,16610007412
7535,16610007413
7536,16610007414
7537,16610007415
7538,16610007416
7539,16610007417
7540,16610007418
7541,16610007419
7542,16610007420
7543,16610007421
7544,16610007422
7545,16610007423
7546,16610007424
7547,16610007425
7548,16610007426
7549,16610007427
7550,16610007428
7551,16610007429
7552,16610007430
7553,16610007431
7554,16610007432
7555,16610007433
7556,16610007434
7557,16610007435
7558,16610007436
7559,16610007437
7560,16610007438
7561,16610007439
7562,16610007440
7563,16610007441
7564,16610007442
7565,16610007443
7566,16610007444
7567,16610007445
7568,16610007446
7569,16610007447
7570,16610007448
7571,16610007449
7572,16610007450
7573,16610007451
7574,16610007452
7575,16610007453
7576,16610007454
7577,16610007455
7578,16610007456
7579,16610007457
7580,16610007458
7581,16610007459
7582,16610007460
7583,16610007461
7584,16610007462
7585,16610007463
7586,16610007464
7587,16610007465
7588,16610007466
7589,16610007467
7590,16610007468
7591,16610007469
7592,16610007470
7593,16610007471
7594,16610007472
7595,16610007473
7596,16610007474
7597,16610007475
7598,16610007476
7599,16610007477
7600,16610007478
7601,16610007479
7602,16610007480
7603,16610007481
7604,16610007482
7605,16610007483
7606,16610007484
7607,16610007485
7608,16610007486
7609,16610007487
7610,16610007488
7611,16610007489
7612,16610007490
7613,16610007491
7614,16610007492
7615,16610007493
7616,16610007494
7617,16610007495
7618,16610007496
7619,16610007497
7620,16610007498
7621,16610007499
7622,16610007500
7623,16610007501
7624,16610007502
7625,16610007503
7626,16610007504
7627,16610007505
7628,16610007506
7629,16610007507
7630,16610007508
7631,16610007509
7632,16610007510
7633,16610007511
7634,16610007512
7635,16610007513
7636,16610007514
7637,16610007515
7638,16610007516
7639,16610007517
7640,16610007518
7641,16610007519
7642,16610007520
7643,16610007521
7644,16610007522
7645,16610007523
7646,16610007524
7647,16610007525
7648,16610007526
7649,16610007527
7650,16610007528
7651,16610007529
7652,16610007530
7653,16610007531
7654,16610007532
7655,16610007533
7656,16610007534
7657,16610007535
7658,16610007536
7659,16610007537
7660,16610007538
7661,16610007539
7662,16610007540
7663,16610007541
7664,16610007542
7665,16610007543
7666,16610007544
7667,16610007545
7668,16610007546
7669,16610007547
7670,16610007548
7671,16610007549
7672,16610007550
7673,16610007551
7674,16610007552
7675,16610007553
7676,16610007554
7677,16610007555
7678,16610007556
7679,16610007557
7680,16610007558
7681,16610007559
7682,16610007560
7683,16610007561
7684,16610007562
7685,16610007563
7686,16610007564
7687,16610007565
7688,16610007566
7689,16610007567
7690,16610007568
7691,16610007569
7692,16610007570
7693,16610007571
7694,16610007572
7695,16610007573
7696,16610007574
7697,16610007575
7698,16610007576
7699,16610007577
7700,16610007578
7701,16610007579
7702,16610007580
7703,16610007581
7704,16610007582
7705,16610007583
7706,16610007584
7707,16610007585
7708,16610007586
7709,16610007587
7710,16610007588
7711,16610007589
7712,16610007590
7713,16610007591
7714,16610007592
7715,16610007593
7716,16610007594
7717,16610007595
7718,16610007596
7719,16610007597
7720,16610007598
7721,16610007599
7722,16610007600
7723,16610007601
7724,16610007602
7725,16610007603
7726,16610007604
7727,16610007605
7728,16610007606
7729,16610007607
7730,16610007608
7731,16610007609
7732,16610007610
7733,16610007611
7734,16610007612
7735,16610007613
7736,16610007614
7737,16610007615
7738,16610007616
7739,16610007617
7740,16610007618
7741,16610007619
7742,16610007620
7743,16610007621
7744,16610007622
7745,16610007623
7746,16610007624
7747,16610007625
7748,16610007626
7749,16610007627
7750,16610007628
7751,16610007629
7752,16610007630
7753,16610007631
7754,16610007632
7755,16610007633
7756,16610007634
7757,16610007635
7758,16610007636
7759,16610007637
7760,16610007638
7761,16610007639
7762,16610007640
7763,16610007641
7764,16610007642
7765,16610007643
7766,16610007644
7767,16610007645
7768,16610007646
7769,16610007647
7770,16610007648
7771,16610007649
7772,16610007650
7773,16610007651
7774,16610007652
7775,16610007653
7776,16610007654
7777,16610007655
7778,16610007656
7779,16610007657
7780,16610007658
7781,16610007659
7782,16610007660
7783,16610007661
7784,16610007662
7785,16610007663
7786,16610007664
7787,16610007665
7788,16610007666
7789,16610007667
7790,16610007668
7791,16610007669
7792,16610007670
7793,16610007671
7794,16610007672
7795,16610007673
7796,16610007674
7797,16610007675
7798,16610007676
7799,16610007677
7800,16610007678
7801,16610007679
7802,16610007680
7803,16610007681
7804,16610007682
7805,16610007683
7806,16610007684
7807,16610007685
7808,16610007686
7809,16610007687
7810,16610007688
7811,16610007689
7812,16610007690
7813,16610007691
7814,16610007692
7815,16610007693
7816,16610007694
7817,16610007695
7818,16610007696
7819,16610007697
7820,16610007698
7821,16610007699
7822,16610007700
7823,16610007701
7824,16610007702
7825,16610007703
7826,16610007704
7827,16610007705
7828,16610007706
7829,16610007707
7830,16610007708
7831,16610007709
7832,16610007710
7833,16610007711
7834,16610007712
7835,16610007713
7836,16610007714
7837,16610007715
7838,16610007716
7839,16610007717
7840,16610007718
7841,16610007719
7842,16610007720
7843,16610007721
7844,16610007722
7845,16610007723
7846,16610007724
7847,16610007725
7848,16610007726
7849,16610007727
7850,16610007728
7851,16610007729
7852,16610007730
7853,16610007731
7854,16610007732
7855,16610007733
7856,16610007734
7857,16610007735
7858,16610007736
7859,16610007737
7860,16610007738
7861,16610007739
7862,16610007740
7863,16610007741
7864,16610007742
7865,16610007743
7866,16610007744
7867,16610007745
7868,16610007746
7869,16610007747
7870,16610007748
7871,16610007749
7872,16610007750
7873,16610007751
7874,16610007752
7875,16610007753
7876,16610007754
7877,16610007755
7878,16610007756
7879,16610007757
7880,16610007758
7881,16610007759
7882,16610007760
7883,16610007761
7884,16610007762
7885,16610007763
7886,16610007764
7887,16610007765
7888,16610007766
7889,16610007767
7890,16610007768
7891,16610007769
7892,16610007770
7893,16610007771
7894,16610007772
7895,16610007773
7896,16610007774
7897,16610007775
7898,16610007776
7899,16610007777
7900,16610007778
7901,16610007779
7902,16610007780
7903,16610007781
7904,16610007782
7905,16610007783
7906,16610007784
7907,16610007785
7908,16610007786
7909,16610007787
7910,16610007788
7911,16610007789
7912,16610007790
7913,16610007791
7914,16610007792
7915,16610007793
7916,16610007794
7917,16610007795
7918,16610007796
7919,16610007797
7920,16610007798
7921,16610007799
7922,16610007800
7923,16610007801
7924,16610007802
7925,16610007803
7926,16610007804
7927,16610007805
7928,16610007806
7929,16610007807
7930,16610007808
7931,16610007809
7932,16610007810
7933,16610007811
7934,16610007812
7935,16610007813
7936,16610007814
7937,16610007815
7938,16610007816
7939,16610007817
7940,16610007818
7941,16610007819
7942,16610007820
7943,16610007821
7944,16610007822
7945,16610007823
7946,16610007824
7947,16610007825
7948,16610007826
7949,16610007827
7950,16610007828
7951,16610007829
7952,16610007830
7953,16610007831
7954,16610007832
7955,16610007833
7956,16610007834
7957,16610007835
7958,16610007836
7959,16610007837
7960,16610007838
7961,16610007839
7962,16610007840
7963,16610007841
7964,16610007842
7965,16610007843
7966,16610007844
7967,16610007845
7968,16610007846
7969,16610007847
7970,16610007848
7971,16610007849
7972,16610007850
7973,16610007851
7974,16610007852
7975,16610007853
7976,16610007854
7977,16610007855
7978,16610007856
7979,16610007857
7980,16610007858
7981,16610007859
7982,16610007860
7983,16610007861
7984,16610007862
7985,16610007863
7986,16610007864
7987,16610007865
7988,16610007866
7989,16610007867
7990,16610007868
7991,16610007869
7992,16610007870
7993,16610007871
7994,16610007872
7995,16610007873
7996,16610007874
7997,16610007875
7998,16610007876
7999,16610007877
8000,16610007878
8001,16610007879
8002,16610007880
8003,16610007881
8004,16610007882
8005,16610007883
8006,16610007884
8007,16610007885
8008,16610007886
8009,16610007887
8010,16610007888
8011,16610007889
8012,16610007890
8013,16610007891
8014,16610007892
8015,16610007893
8016,16610007894
8017,16610007895
8018,16610007896
8019,16610007897
8020,16610007898
8021,16610007899
8022,16610007900
8023,16610007901
8024,16610007902
8025,16610007903
8026,16610007904
8027,16610007905
8028,16610007906
8029,16610007907
8030,16610007908
8031,16610007909
8032,16610007910
8033,16610007911
8034,16610007912
8035,16610007913
8036,16610007914
8037,16610007915
8038,16610007916
8039,16610007917
8040,16610007918
8041,16610007919
8042,16610007920
8043,16610007921
8044,16610007922
8045,16610007923
8046,16610007924
8047,16610007925
8048,16610007926
8049,16610007927
8050,16610007928
8051,16610007929
8052,16610007930
8053,16610007931
8054,16610007932
8055,16610007933
8056,16610007934
8057,16610007935
8058,16610007936
8059,16610007937
8060,16610007938
8061,16610007939
8062,16610007940
8063,16610007941
8064,16610007942
8065,16610007943
8066,16610007944
8067,16610007945
8068,16610007946
8069,16610007947
8070,16610007948
8071,16610007949
8072,16610007950
8073,16610007951
8074,16610007952
8075,16610007953
8076,16610007954
8077,16610007955
8078,16610007956
8079,16610007957
8080,16610007958
8081,16610007959
8082,16610007960
8083,16610007961
8084,16610007962
8085,16610007963
8086,16610007964
8087,16610007965
8088,16610007966
8089,16610007967
8090,16610007968
8091,16610007969
8092,16610007970
8093,16610007971
8094,16610007972
8095,16610007973
8096,16610007974
8097,16610007975
8098,16610007976
8099,16610007977
8100,16610007978
8101,16610007979
8102,16610007980
8103,16610007981
8104,16610007982
8105,16610007983
8106,16610007984
8107,16610007985
8108,16610007986
8109,16610007987
8110,16610007988
8111,16610007989
8112,16610007990
8113,16610007991
8114,16610007992
8115,16610007993
8116,16610007994
8117,16610007995
8118,16610007996
8119,16610007997
8120,16610007998
8121,16610007999
8333,16610008000
8334,16610008001
8335,16610008002
8336,16610008003
8337,16610008004
8338,16610008005
8339,16610008006
8340,16610008007
8341,16610008008
8342,16610008009
8343,16610008010
8344,16610008011
8345,16610008012
8346,16610008013
8347,16610008014
8348,16610008015
8349,16610008016
8350,16610008017
8351,16610008018
8352,16610008019
8353,16610008020
8354,16610008021
8355,16610008022
8356,16610008023
8357,16610008024
8358,16610008025
8359,16610008026
8360,16610008027
8361,16610008028
8362,16610008029
8363,16610008030
8364,16610008031
8365,16610008032
8366,16610008033
8367,16610008034
8368,16610008035
8369,16610008036
8370,16610008037
8371,16610008038
8372,16610008039
8373,16610008040
8374,16610008041
8375,16610008042
8376,16610008043
8377,16610008044
8378,16610008045
8379,16610008046
8380,16610008047
8381,16610008048
8382,16610008049
8383,16610008050
8384,16610008051
8385,16610008052
8386,16610008053
8387,16610008054
8388,16610008055
8389,16610008056
8390,16610008057
8391,16610008058
8392,16610008059
8393,16610008060
8394,16610008061
8395,16610008062
8396,16610008063
8397,16610008064
8398,16610008065
8399,16610008066
8400,16610008067
8401,16610008068
8402,16610008069
8403,16610008070
8404,16610008071
8405,16610008072
8406,16610008073
8407,16610008074
8408,16610008075
8409,16610008076
8410,16610008077
8411,16610008078
8412,16610008079
8413,16610008080
8414,16610008081
8415,16610008082
8416,16610008083
8417,16610008084
8418,16610008085
8419,16610008086
8420,16610008087
8421,16610008088
8422,16610008089
8423,16610008090
8424,16610008091
8425,16610008092
8426,16610008093
8427,16610008094
8428,16610008095
8429,16610008096
8430,16610008097
8431,16610008098
8432,16610008099
8433,16610008100
8434,16610008101
8435,16610008102
8436,16610008103
8437,16610008104
8438,16610008105
8439,16610008106
8440,16610008107
8441,16610008108
8442,16610008109
8443,16610008110
8444,16610008111
8445,16610008112
8446,16610008113
8447,16610008114
8448,16610008115
8449,16610008116
8450,16610008117
8451,16610008118
8452,16610008119
8453,16610008120
8454,16610008121
8455,16610008122
8456,16610008123
8457,16610008124
8458,16610008125
8459,16610008126
8460,16610008127
8461,16610008128
8462,16610008129
8463,16610008130
8464,16610008131
8465,16610008132
8466,16610008133
8467,16610008134
8468,16610008135
8469,16610008136
8470,16610008137
8471,16610008138
8472,16610008139
8473,16610008140
8474,16610008141
8475,16610008142
8476,16610008143
8477,16610008144
8478,16610008145
8479,16610008146
8480,16610008147
8481,16610008148
8482,16610008149
8483,16610008150
8484,16610008151
8485,16610008152
8486,16610008153
8487,16610008154
8488,16610008155
8489,16610008156
8490,16610008157
8491,16610008158
8492,16610008159
8493,16610008160
8494,16610008161
8495,16610008162
8496,16610008163
8497,16610008164
8498,16610008165
8499,16610008166
8500,16610008167
8501,16610008168
8502,16610008169
8503,16610008170
8504,16610008171
8505,16610008172
8506,16610008173
8507,16610008174
8508,16610008175
8509,16610008176
8510,16610008177
8511,16610008178
8512,16610008179
8513,16610008180
8514,16610008181
8515,16610008182
8516,16610008183
8517,16610008184
8518,16610008185
8519,16610008186
8520,16610008187
8521,16610008188
8522,16610008189
8523,16610008190
8524,16610008191
8525,16610008192
8526,16610008193
8527,16610008194
8528,16610008195
8529,16610008196
8530,16610008197
8531,16610008198
8532,16610008199
8533,16610008200
8534,16610008201
8535,16610008202
8536,16610008203
8537,16610008204
8538,16610008205
8539,16610008206
8540,16610008207
8541,16610008208
8542,16610008209
8543,16610008210
8544,16610008211
8545,16610008212
8546,16610008213
8547,16610008214
8548,16610008215
8549,16610008216
8550,16610008217
8551,16610008218
8552,16610008219
8553,16610008220
8554,16610008221
8555,16610008222
8556,16610008223
8557,16610008224
8558,16610008225
8559,16610008226
8560,16610008227
8561,16610008228
8562,16610008229
8563,16610008230
8564,16610008231
8565,16610008232
8566,16610008233
8567,16610008234
8568,16610008235
8569,16610008236
8570,16610008237
8571,16610008238
8572,16610008239
8573,16610008240
8574,16610008241
8575,16610008242
8576,16610008243
8577,16610008244
8578,16610008245
8579,16610008246
8580,16610008247
8581,16610008248
8582,16610008249
8583,16610008250
8584,16610008251
8585,16610008252
8586,16610008253
8587,16610008254
8588,16610008255
8589,16610008256
8590,16610008257
8591,16610008258
8592,16610008259
8593,16610008260
8594,16610008261
8595,16610008262
8596,16610008263
8597,16610008264
8598,16610008265
8599,16610008266
8600,16610008267
8601,16610008268
8602,16610008269
8603,16610008270
8604,16610008271
8605,16610008272
8606,16610008273
8607,16610008274
8608,16610008275
8609,16610008276
8610,16610008277
8611,16610008278
8612,16610008279
8613,16610008280
8614,16610008281
8615,16610008282
8616,16610008283
8617,16610008284
8618,16610008285
8619,16610008286
8620,16610008287
8621,16610008288
8622,16610008289
8623,16610008290
8624,16610008291
8625,16610008292
8626,16610008293
8627,16610008294
8628,16610008295
8629,16610008296
8630,16610008297
8631,16610008298
8632,16610008299
8633,16610008300
8634,16610008301
8635,16610008302
8636,16610008303
8637,16610008304
8638,16610008305
8639,16610008306
8640,16610008307
8641,16610008308
8642,16610008309
8643,16610008310
8644,16610008311
8645,16610008312
8646,16610008313
8647,16610008314
8648,16610008315
8649,16610008316
8650,16610008317
8651,16610008318
8652,16610008319
8653,16610008320
8654,16610008321
8655,16610008322
8656,16610008323
8657,16610008324
8658,16610008325
8659,16610008326
8660,16610008327
8661,16610008328
8662,16610008329
8663,16610008330
8664,16610008331
8665,16610008332
8666,16610008333
8667,16610008334
8668,16610008335
8669,16610008336
8670,16610008337
8671,16610008338
8672,16610008339
8673,16610008340
8674,16610008341
8675,16610008342
8676,16610008343
8677,16610008344
8678,16610008345
8679,16610008346
8680,16610008347
8681,16610008348
8682,16610008349
8683,16610008350
8684,16610008351
8685,16610008352
8686,16610008353
8687,16610008354
8688,16610008355
8689,16610008356
8690,16610008357
8691,16610008358
8692,16610008359
8693,16610008360
8694,16610008361
8695,16610008362
8696,16610008363
8697,16610008364
8698,16610008365
8699,16610008366
8700,16610008367
8701,16610008368
8702,16610008369
8703,16610008370
8704,16610008371
8705,16610008372
8706,16610008373
8707,16610008374
8708,16610008375
8709,16610008376
8710,16610008377
8711,16610008378
8712,16610008379
8713,16610008380
8714,16610008381
8715,16610008382
8716,16610008383
8717,16610008384
8718,16610008385
8719,16610008386
8720,16610008387
8721,16610008388
8722,16610008389
8723,16610008390
8724,16610008391
8725,16610008392
8726,16610008393
8727,16610008394
8728,16610008395
8729,16610008396
8730,16610008397
8731,16610008398
8732,16610008399
8733,16610008400
8734,16610008401
8735,16610008402
8736,16610008403
8737,16610008404
8738,16610008405
8739,16610008406
8740,16610008407
8741,16610008408
8742,16610008409
8743,16610008410
8744,16610008411
8745,16610008412
8746,16610008413
8747,16610008414
8748,16610008415
8749,16610008416
8750,16610008417
8751,16610008418
8752,16610008419
8753,16610008420
8754,16610008421
8755,16610008422
8756,16610008423
8757,16610008424
8758,16610008425
8759,16610008426
8760,16610008427
8761,16610008428
8762,16610008429
8763,16610008430
8764,16610008431
8765,16610008432
8766,16610008433
8767,16610008434
8768,16610008435
8769,16610008436
8770,16610008437
8771,16610008438
8772,16610008439
8773,16610008440
8774,16610008441
8775,16610008442
8776,16610008443
8777,16610008444
8778,16610008445
8779,16610008446
8780,16610008447
8781,16610008448
8782,16610008449
8783,16610008450
8784,16610008451
8785,16610008452
8786,16610008453
8787,16610008454
8788,16610008455
8789,16610008456
8790,16610008457
8791,16610008458
8792,16610008459
8793,16610008460
8794,16610008461
8795,16610008462
8796,16610008463
8797,16610008464
8798,16610008465
8799,16610008466
8800,16610008467
8801,16610008468
8802,16610008469
8803,16610008470
8804,16610008471
8805,16610008472
8806,16610008473
8807,16610008474
8808,16610008475
8809,16610008476
8810,16610008477
8811,16610008478
8812,16610008479
8813,16610008480
8814,16610008481
8815,16610008482
8816,16610008483
8817,16610008484
8818,16610008485
8819,16610008486
8820,16610008487
8821,16610008488
8822,16610008489
8823,16610008490
8824,16610008491
8825,16610008492
8826,16610008493
8827,16610008494
8828,16610008495
8829,16610008496
8830,16610008497
8831,16610008498
8832,16610008499
8833,16610008500
8834,16610008501
8835,16610008502
8836,16610008503
8837,16610008504
8838,16610008505
8839,16610008506
8840,16610008507
8841,16610008508
8842,16610008509
8843,16610008510
8844,16610008511
8845,16610008512
8846,16610008513
8847,16610008514
8848,16610008515
8849,16610008516
8850,16610008517
8851,16610008518
8852,16610008519
8853,16610008520
8854,16610008521
8855,16610008522
8856,16610008523
8857,16610008524
8858,16610008525
8859,16610008526
8860,16610008527
8861,16610008528
8862,16610008529
8863,16610008530
8864,16610008531
8865,16610008532
8866,16610008533
8867,16610008534
8868,16610008535
8869,16610008536
8870,16610008537
8871,16610008538
8872,16610008539
8873,16610008540
8874,16610008541
8875,16610008542
8876,16610008543
8877,16610008544
8878,16610008545
8879,16610008546
8880,16610008547
8881,16610008548
8882,16610008549
8883,16610008550
8884,16610008551
8885,16610008552
8886,16610008553
8887,16610008554
8888,16610008555
8889,16610008556
8890,16610008557
8891,16610008558
8892,16610008559
8893,16610008560
8894,16610008561
8895,16610008562
8896,16610008563
8897,16610008564
8898,16610008565
8899,16610008566
8900,16610008567
8901,16610008568
8902,16610008569
8903,16610008570
8904,16610008571
8905,16610008572
8906,16610008573
8907,16610008574
8908,16610008575
8909,16610008576
8910,16610008577
8911,16610008578
8912,16610008579
8913,16610008580
8914,16610008581
8915,16610008582
8916,16610008583
8917,16610008584
8918,16610008585
8919,16610008586
8920,16610008587
8921,16610008588
8922,16610008589
8923,16610008590
8924,16610008591
8925,16610008592
8926,16610008593
8927,16610008594
8928,16610008595
8929,16610008596
8930,16610008597
8931,16610008598
8932,16610008599
8933,16610008600
8934,16610008601
8935,16610008602
8936,16610008603
8937,16610008604
8938,16610008605
8939,16610008606
8940,16610008607
8941,16610008608
8942,16610008609
8943,16610008610
8944,16610008611
8945,16610008612
8946,16610008613
8947,16610008614
8948,16610008615
8949,16610008616
8950,16610008617
8951,16610008618
8952,16610008619
8953,16610008620
8954,16610008621
8955,16610008622
8956,16610008623
8957,16610008624
8958,16610008625
8959,16610008626
8960,16610008627
8961,16610008628
8962,16610008629
8963,16610008630
8964,16610008631
8965,16610008632
8966,16610008633
8967,16610008634
8968,16610008635
8969,16610008636
8970,16610008637
8971,16610008638
8972,16610008639
8973,16610008640
8974,16610008641
8975,16610008642
8976,16610008643
8977,16610008644
8978,16610008645
8979,16610008646
8980,16610008647
8981,16610008648
8982,16610008649
8983,16610008650
8984,16610008651
8985,16610008652
8986,16610008653
8987,16610008654
8988,16610008655
8989,16610008656
8990,16610008657
8991,16610008658
8992,16610008659
8993,16610008660
8994,16610008661
8995,16610008662
8996,16610008663
8997,16610008664
8998,16610008665
8999,16610008666
9000,16610008667
9001,16610008668
9002,16610008669
9003,16610008670
9004,16610008671
9005,16610008672
9006,16610008673
9007,16610008674
9008,16610008675
9009,16610008676
9010,16610008677
9011,16610008678
9012,16610008679
9013,16610008680
9014,16610008681
9015,16610008682
9016,16610008683
9017,16610008684
9018,16610008685
9019,16610008686
9020,16610008687
9021,16610008688
9022,16610008689
9023,16610008690
9024,16610008691
9025,16610008692
9026,16610008693
9027,16610008694
9028,16610008695
9029,16610008696
9030,16610008697
9031,16610008698
9032,16610008699
9033,16610008700
9034,16610008701
9035,16610008702
9036,16610008703
9037,16610008704
9038,16610008705
9039,16610008706
9040,16610008707
9041,16610008708
9042,16610008709
9043,16610008710
9044,16610008711
9045,16610008712
9046,16610008713
9047,16610008714
9048,16610008715
9049,16610008716
9050,16610008717
9051,16610008718
9052,16610008719
9053,16610008720
9054,16610008721
9055,16610008722
9056,16610008723
9057,16610008724
9058,16610008725
9059,16610008726
9060,16610008727
9061,16610008728
9062,16610008729
9063,16610008730
9064,16610008731
9065,16610008732
9066,16610008733
9067,16610008734
9068,16610008735
9069,16610008736
9070,16610008737
9071,16610008738
9072,16610008739
9073,16610008740
9074,16610008741
9075,16610008742
9076,16610008743
9077,16610008744
9078,16610008745
9079,16610008746
9080,16610008747
9081,16610008748
9082,16610008749
9083,16610008750
9084,16610008751
9085,16610008752
9086,16610008753
9087,16610008754
9088,16610008755
9089,16610008756
9090,16610008757
9091,16610008758
9092,16610008759
9093,16610008760
9094,16610008761
9095,16610008762
9096,16610008763
9097,16610008764
9098,16610008765
9099,16610008766
9100,16610008767
9101,16610008768
9102,16610008769
9103,16610008770
9104,16610008771
9105,16610008772
9106,16610008773
9107,16610008774
9108,16610008775
9109,16610008776
9110,16610008777
9111,16610008778
9112,16610008779
9113,16610008780
9114,16610008781
9115,16610008782
9116,16610008783
9117,16610008784
9118,16610008785
9119,16610008786
9120,16610008787
9121,16610008788
9122,16610008789
9123,16610008790
9124,16610008791
9125,16610008792
9126,16610008793
9127,16610008794
9128,16610008795
9129,16610008796
9130,16610008797
9131,16610008798
9132,16610008799
9133,16610008800
9134,16610008801
9135,16610008802
9136,16610008803
9137,16610008804
9138,16610008805
9139,16610008806
9140,16610008807
9141,16610008808
9142,16610008809
9143,16610008810
9144,16610008811
9145,16610008812
9146,16610008813
9147,16610008814
9148,16610008815
9149,16610008816
9150,16610008817
9151,16610008818
9152,16610008819
9153,16610008820
9154,16610008821
9155,16610008822
9156,16610008823
9157,16610008824
9158,16610008825
9159,16610008826
9160,16610008827
9161,16610008828
9162,16610008829
9163,16610008830
9164,16610008831
9165,16610008832
9166,16610008833
9167,16610008834
9168,16610008835
9169,16610008836
9170,16610008837
9171,16610008838
9172,16610008839
9173,16610008840
9174,16610008841
9175,16610008842
9176,16610008843
9177,16610008844
9178,16610008845
9179,16610008846
9180,16610008847
9181,16610008848
9182,16610008849
9183,16610008850
9184,16610008851
9185,16610008852
9186,16610008853
9187,16610008854
9188,16610008855
9189,16610008856
9190,16610008857
9191,16610008858
9192,16610008859
9193,16610008860
9194,16610008861
9195,16610008862
9196,16610008863
9197,16610008864
9198,16610008865
9199,16610008866
9200,16610008867
9201,16610008868
9202,16610008869
9203,16610008870
9204,16610008871
9205,16610008872
9206,16610008873
9207,16610008874
9208,16610008875
9209,16610008876
9210,16610008877
9211,16610008878
9212,16610008879
9213,16610008880
9214,16610008881
9215,16610008882
9216,16610008883
9217,16610008884
9218,16610008885
9219,16610008886
9220,16610008887
9221,16610008888
9222,16610008889
9223,16610008890
9224,16610008891
9225,16610008892
9226,16610008893
9227,16610008894
9228,16610008895
9229,16610008896
9230,16610008897
9231,16610008898
9232,16610008899
9233,16610008900
9234,16610008901
9235,16610008902
9236,16610008903
9237,16610008904
9238,16610008905
9239,16610008906
9240,16610008907
9241,16610008908
9242,16610008909
9243,16610008910
9244,16610008911
9245,16610008912
9246,16610008913
9247,16610008914
9248,16610008915
9249,16610008916
9250,16610008917
9251,16610008918
9252,16610008919
9253,16610008920
9254,16610008921
9255,16610008922
9256,16610008923
9257,16610008924
9258,16610008925
9259,16610008926
9260,16610008927
9261,16610008928
9262,16610008929
9263,16610008930
9264,16610008931
9265,16610008932
9266,16610008933
9267,16610008934
9268,16610008935
9269,16610008936
9270,16610008937
9271,16610008938
9272,16610008939
9273,16610008940
9274,16610008941
9275,16610008942
9276,16610008943
9277,16610008944
9278,16610008945
9279,16610008946
9280,16610008947
9281,16610008948
9282,16610008949
9283,16610008950
9284,16610008951
9285,16610008952
9286,16610008953
9287,16610008954
9288,16610008955
9289,16610008956
9290,16610008957
9291,16610008958
9292,16610008959
9293,16610008960
9294,16610008961
9295,16610008962
9296,16610008963
9297,16610008964
9298,16610008965
9299,16610008966
9300,16610008967
9301,16610008968
9302,16610008969
9303,16610008970
9304,16610008971
9305,16610008972
9306,16610008973
9307,16610008974
9308,16610008975
9309,16610008976
9310,16610008977
9311,16610008978
9312,16610008979
9313,16610008980
9314,16610008981
9315,16610008982
9316,16610008983
9317,16610008984
9318,16610008985
9319,16610008986
9320,16610008987
9321,16610008988
9322,16610008989
9323,16610008990
9324,16610008991
9325,16610008992
9326,16610008993
9327,16610008994
9328,16610008995
9329,16610008996
9330,16610008997
9331,16610008998
9332,16610008999
9333,16610009000
9334,16610009001
9335,16610009002
9336,16610009003
9337,16610009004
9338,16610009005
9339,16610009006
9340,16610009007
9341,16610009008
9342,16610009009
9343,16610009010
9344,16610009011
9345,16610009012
9346,16610009013
9347,16610009014
9348,16610009015
9349,16610009016
9350,16610009017
9351,16610009018
9352,16610009019
9353,16610009020
9354,16610009021
9355,16610009022
9356,16610009023
9357,16610009024
9358,16610009025
9359,16610009026
9360,16610009027
9361,16610009028
9362,16610009029
9363,16610009030
9364,16610009031
9365,16610009032
9366,16610009033
9367,16610009034
9368,16610009035
9369,16610009036
9370,16610009037
9371,16610009038
9372,16610009039
9373,16610009040
9374,16610009041
9375,16610009042
9376,16610009043
9377,16610009044
9378,16610009045
9379,16610009046
9380,16610009047
9381,16610009048
9382,16610009049
9383,16610009050
9384,16610009051
9385,16610009052
9386,16610009053
9387,16610009054
9388,16610009055
9389,16610009056
9390,16610009057
9391,16610009058
9392,16610009059
9393,16610009060
9394,16610009061
9395,16610009062
9396,16610009063
9397,16610009064
9398,16610009065
9399,16610009066
9400,16610009067
9401,16610009068
9402,16610009069
9403,16610009070
9404,16610009071
9405,16610009072
9406,16610009073
9407,16610009074
9408,16610009075
9409,16610009076
9410,16610009077
9411,16610009078
9412,16610009079
9413,16610009080
9414,16610009081
9415,16610009082
9416,16610009083
9417,16610009084
9418,16610009085
9419,16610009086
9420,16610009087
9421,16610009088
9422,16610009089
9423,16610009090
9424,16610009091
9425,16610009092
9426,16610009093
9427,16610009094
9428,16610009095
9429,16610009096
9430,16610009097
9431,16610009098
9432,16610009099
9433,16610009100
9434,16610009101
9435,16610009102
9436,16610009103
9437,16610009104
9438,16610009105
9439,16610009106
9440,16610009107
9441,16610009108
9442,16610009109
9443,16610009110
9444,16610009111
9445,16610009112
9446,16610009113
9447,16610009114
9448,16610009115
9449,16610009116
9450,16610009117
9451,16610009118
9452,16610009119
9453,16610009120
9454,16610009121
9455,16610009122
9456,16610009123
9457,16610009124
9458,16610009125
9459,16610009126
9460,16610009127
9461,16610009128
9462,16610009129
9463,16610009130
9464,16610009131
9465,16610009132
9466,16610009133
9467,16610009134
9468,16610009135
9469,16610009136
9470,16610009137
9471,16610009138
9472,16610009139
9473,16610009140
9474,16610009141
9475,16610009142
9476,16610009143
9477,16610009144
9478,16610009145
9479,16610009146
9480,16610009147
9481,16610009148
9482,16610009149
9483,16610009150
9484,16610009151
9485,16610009152
9486,16610009153
9487,16610009154
9488,16610009155
9489,16610009156
9490,16610009157
9491,16610009158
9492,16610009159
9493,16610009160
9494,16610009161
9495,16610009162
9496,16610009163
9497,16610009164
9498,16610009165
9499,16610009166
9500,16610009167
9501,16610009168
9502,16610009169
9503,16610009170
9504,16610009171
9505,16610009172
9506,16610009173
9507,16610009174
9508,16610009175
9509,16610009176
9510,16610009177
9511,16610009178
9512,16610009179
9513,16610009180
9514,16610009181
9515,16610009182
9516,16610009183
9517,16610009184
9518,16610009185
9519,16610009186
9520,16610009187
9521,16610009188
9522,16610009189
9523,16610009190
9524,16610009191
9525,16610009192
9526,16610009193
9527,16610009194
9528,16610009195
9529,16610009196
9530,16610009197
9531,16610009198
9532,16610009199
9533,16610009200
9534,16610009201
9535,16610009202
9536,16610009203
9537,16610009204
9538,16610009205
9539,16610009206
9540,16610009207
9541,16610009208
9542,16610009209
9543,16610009210
9544,16610009211
9545,16610009212
9546,16610009213
9547,16610009214
9548,16610009215
9549,16610009216
9550,16610009217
9551,16610009218
9552,16610009219
9553,16610009220
9554,16610009221
9555,16610009222
9556,16610009223
9557,16610009224
9558,16610009225
9559,16610009226
9560,16610009227
9561,16610009228
9562,16610009229
9563,16610009230
9564,16610009231
9565,16610009232
9566,16610009233
9567,16610009234
9568,16610009235
9569,16610009236
9570,16610009237
9571,16610009238
9572,16610009239
9573,16610009240
9574,16610009241
9575,16610009242
9576,16610009243
9577,16610009244
9578,16610009245
9579,16610009246
9580,16610009247
9581,16610009248
9582,16610009249
9583,16610009250
9584,16610009251
9585,16610009252
9586,16610009253
9587,16610009254
9588,16610009255
9589,16610009256
9590,16610009257
9591,16610009258
9592,16610009259
9593,16610009260
9594,16610009261
9595,16610009262
9596,16610009263
9597,16610009264
9598,16610009265
9599,16610009266
9600,16610009267
9601,16610009268
9602,16610009269
9603,16610009270
9604,16610009271
9605,16610009272
9606,16610009273
9607,16610009274
9608,16610009275
9609,16610009276
9610,16610009277
9611,16610009278
9612,16610009279
9613,16610009280
9614,16610009281
9615,16610009282
9616,16610009283
9617,16610009284
9618,16610009285
9619,16610009286
9620,16610009287
9621,16610009288
9622,16610009289
9623,16610009290
9624,16610009291
9625,16610009292
9626,16610009293
9627,16610009294
9628,16610009295
9629,16610009296
9630,16610009297
9631,16610009298
9632,16610009299
9633,16610009300
9634,16610009301
9635,16610009302
9636,16610009303
9637,16610009304
9638,16610009305
9639,16610009306
9640,16610009307
9641,16610009308
9642,16610009309
9643,16610009310
9644,16610009311
9645,16610009312
9646,16610009313
9647,16610009314
9648,16610009315
9649,16610009316
9650,16610009317
9651,16610009318
9652,16610009319
9653,16610009320
9654,16610009321
9655,16610009322
9656,16610009323
9657,16610009324
9658,16610009325
9659,16610009326
9660,16610009327
9661,16610009328
9662,16610009329
9663,16610009330
9664,16610009331
9665,16610009332
9666,16610009333
9667,16610009334
9668,16610009335
9669,16610009336
9670,16610009337
9671,16610009338
9672,16610009339
9673,16610009340
9674,16610009341
9675,16610009342
9676,16610009343
9677,16610009344
9678,16610009345
9679,16610009346
9680,16610009347
9681,16610009348
9682,16610009349
9683,16610009350
9684,16610009351
9685,16610009352
9686,16610009353
9687,16610009354
9688,16610009355
9689,16610009356
9690,16610009357
9691,16610009358
9692,16610009359
9693,16610009360
9694,16610009361
9695,16610009362
9696,16610009363
9697,16610009364
9698,16610009365
9699,16610009366
9700,16610009367
9701,16610009368
9702,16610009369
9703,16610009370
9704,16610009371
9705,16610009372
9706,16610009373
9707,16610009374
9708,16610009375
9709,16610009376
9710,16610009377
9711,16610009378
9712,16610009379
9713,16610009380
9714,16610009381
9715,16610009382
9716,16610009383
9717,16610009384
9718,16610009385
9719,16610009386
9720,16610009387
9721,16610009388
9722,16610009389
9723,16610009390
9724,16610009391
9725,16610009392
9726,16610009393
9727,16610009394
9728,16610009395
9729,16610009396
9730,16610009397
9731,16610009398
9732,16610009399
9733,16610009400
9734,16610009401
9735,16610009402
9736,16610009403
9737,16610009404
9738,16610009405
9739,16610009406
9740,16610009407
9741,16610009408
9742,16610009409
9743,16610009410
9744,16610009411
9745,16610009412
9746,16610009413
9747,16610009414
9748,16610009415
9749,16610009416
9750,16610009417
9751,16610009418
9752,16610009419
9753,16610009420
9754,16610009421
9755,16610009422
9756,16610009423
9757,16610009424
9758,16610009425
9759,16610009426
9760,16610009427
9761,16610009428
9762,16610009429
9763,16610009430
9764,16610009431
9765,16610009432
9766,16610009433
9767,16610009434
9768,16610009435
9769,16610009436
9770,16610009437
9771,16610009438
9772,16610009439
9773,16610009440
9774,16610009441
9775,16610009442
9776,16610009443
9777,16610009444
9778,16610009445
9779,16610009446
9780,16610009447
9781,16610009448
9782,16610009449
9783,16610009450
9784,16610009451
9785,16610009452
9786,16610009453
9787,16610009454
9788,16610009455
9789,16610009456
9790,16610009457
9791,16610009458
9792,16610009459
9793,16610009460
9794,16610009461
9795,16610009462
9796,16610009463
9797,16610009464
9798,16610009465
9799,16610009466
9800,16610009467
9801,16610009468
9802,16610009469
9803,16610009470
9804,16610009471
9805,16610009472
9806,16610009473
9807,16610009474
9808,16610009475
9809,16610009476
9810,16610009477
9811,16610009478
9812,16610009479
9813,16610009480
9814,16610009481
9815,16610009482
9816,16610009483
9817,16610009484
9818,16610009485
9819,16610009486
9820,16610009487
9821,16610009488
9822,16610009489
9823,16610009490
9824,16610009491
9825,16610009492
9826,16610009493
9827,16610009494
9828,16610009495
9829,16610009496
9830,16610009497
9831,16610009498
9832,16610009499
9833,16610009500
9834,16610009501
9835,16610009502
9836,16610009503
9837,16610009504
9838,16610009505
9839,16610009506
9840,16610009507
9841,16610009508
9842,16610009509
9843,16610009510
9844,16610009511
9845,16610009512
9846,16610009513
9847,16610009514
9848,16610009515
9849,16610009516
9850,16610009517
9851,16610009518
9852,16610009519
9853,16610009520
9854,16610009521
9855,16610009522
9856,16610009523
9857,16610009524
9858,16610009525
9859,16610009526
9860,16610009527
9861,16610009528
9862,16610009529
9863,16610009530
9864,16610009531
9865,16610009532
9866,16610009533
9867,16610009534
9868,16610009535
9869,16610009536
9870,16610009537
9871,16610009538
9872,16610009539
9873,16610009540
9874,16610009541
9875,16610009542
9876,16610009543
9877,16610009544
9878,16610009545
9879,16610009546
9880,16610009547
9881,16610009548
9882,16610009549
9883,16610009550
9884,16610009551
9885,16610009552
9886,16610009553
9887,16610009554
9888,16610009555
9889,16610009556
9890,16610009557
9891,16610009558
9892,16610009559
9893,16610009560
9894,16610009561
9895,16610009562
9896,16610009563
9897,16610009564
9898,16610009565
9899,16610009566
9900,16610009567
9901,16610009568
9902,16610009569
9903,16610009570
9904,16610009571
9905,16610009572
9906,16610009573
9907,16610009574
9908,16610009575
9909,16610009576
9910,16610009577
9911,16610009578
9912,16610009579
9913,16610009580
9914,16610009581
9915,16610009582
9916,16610009583
9917,16610009584
9918,16610009585
9919,16610009586
9920,16610009587
9921,16610009588
9922,16610009589
9923,16610009590
9924,16610009591
9925,16610009592
9926,16610009593
9927,16610009594
9928,16610009595
9929,16610009596
9930,16610009597
9931,16610009598
9932,16610009599
9933,16610009600
9934,16610009601
9935,16610009602
9936,16610009603
9937,16610009604
9938,16610009605
9939,16610009606
9940,16610009607
9941,16610009608
9942,16610009609
9943,16610009610
9944,16610009611
9945,16610009612
9946,16610009613
9947,16610009614
9948,16610009615
9949,16610009616
9950,16610009617
9951,16610009618
9952,16610009619
9953,16610009620
9954,16610009621
9955,16610009622
9956,16610009623
9957,16610009624
9958,16610009625
9959,16610009626
9960,16610009627
9961,16610009628
9962,16610009629
9963,16610009630
9964,16610009631
9965,16610009632
9966,16610009633
9967,16610009634
9968,16610009635
9969,16610009636
9970,16610009637
9971,16610009638
9972,16610009639
9973,16610009640
9974,16610009641
9975,16610009642
9976,16610009643
9977,16610009644
9978,16610009645
9979,16610009646
9980,16610009647
9981,16610009648
9982,16610009649
9983,16610009650
9984,16610009651
9985,16610009652
9986,16610009653
9987,16610009654
9988,16610009655
9989,16610009656
9990,16610009657
9991,16610009658
9992,16610009659
9993,16610009660
9994,16610009661
9995,16610009662
9996,16610009663
9997,16610009664
9998,16610009665
9999,16610009666
10000,16610009667
10001,16610009668
10002,16610009669
10003,16610009670
10004,16610009671
10005,16610009672
10006,16610009673
10007,16610009674
10008,16610009675
10009,16610009676
10010,16610009677
10011,16610009678
10012,16610009679
10013,16610009680
10014,16610009681
10015,16610009682
10016,16610009683
10017,16610009684
10018,16610009685
10019,16610009686
10020,16610009687
10021,16610009688
10022,16610009689
10023,16610009690
10024,16610009691
10025,16610009692
10026,16610009693
10027,16610009694
10028,16610009695
10029,16610009696
10030,16610009697
10031,16610009698
10032,16610009699
10033,16610009700
10034,16610009701
10035,16610009702
10036,16610009703
10037,16610009704
10038,16610009705
10039,16610009706
10040,16610009707
10041,16610009708
10042,16610009709
10043,16610009710
10044,16610009711
10045,16610009712
10046,16610009713
10047,16610009714
10048,16610009715
10049,16610009716
10050,16610009717
10051,16610009718
10052,16610009719
10053,16610009720
10054,16610009721
10055,16610009722
10056,16610009723
10057,16610009724
10058,16610009725
10059,16610009726
10060,16610009727
10061,16610009728
10062,16610009729
10063,16610009730
10064,16610009731
10065,16610009732
10066,16610009733
10067,16610009734
10068,16610009735
10069,16610009736
10070,16610009737
10071,16610009738
10072,16610009739
10073,16610009740
10074,16610009741
10075,16610009742
10076,16610009743
10077,16610009744
10078,16610009745
10079,16610009746
10080,16610009747
10081,16610009748
10082,16610009749
10083,16610009750
10084,16610009751
10085,16610009752
10086,16610009753
10087,16610009754
10088,16610009755
10089,16610009756
10090,16610009757
10091,16610009758
10092,16610009759
10093,16610009760
10094,16610009761
10095,16610009762
10096,16610009763
10097,16610009764
10098,16610009765
10099,16610009766
10100,16610009767
10101,16610009768
10102,16610009769
10103,16610009770
10104,16610009771
10105,16610009772
10106,16610009773
10107,16610009774
10108,16610009775
10109,16610009776
10110,16610009777
10111,16610009778
10112,16610009779
10113,16610009780
10114,16610009781
10115,16610009782
10116,16610009783
10117,16610009784
10118,16610009785
10119,16610009786
10120,16610009787
10121,16610009788
10122,16610009789
10123,16610009790
10124,16610009791
10125,16610009792
10126,16610009793
10127,16610009794
10128,16610009795
10129,16610009796
10130,16610009797
10131,16610009798
10132,16610009799
10133,16610009800
10134,16610009801
10135,16610009802
10136,16610009803
10137,16610009804
10138,16610009805
10139,16610009806
10140,16610009807
10141,16610009808
10142,16610009809
10143,16610009810
10144,16610009811
10145,16610009812
10146,16610009813
10147,16610009814
10148,16610009815
10149,16610009816
10150,16610009817
10151,16610009818
10152,16610009819
10153,16610009820
10154,16610009821
10155,16610009822
10156,16610009823
10157,16610009824
10158,16610009825
10159,16610009826
10160,16610009827
10161,16610009828
10162,16610009829
10163,16610009830
10164,16610009831
10165,16610009832
10166,16610009833
10167,16610009834
10168,16610009835
10169,16610009836
10170,16610009837
10171,16610009838
10172,16610009839
10173,16610009840
10174,16610009841
10175,16610009842
10176,16610009843
10177,16610009844
10178,16610009845
10179,16610009846
10180,16610009847
10181,16610009848
10182,16610009849
10183,16610009850
10184,16610009851
10185,16610009852
10186,16610009853
10187,16610009854
10188,16610009855
10189,16610009856
10190,16610009857
10191,16610009858
10192,16610009859
10193,16610009860
10194,16610009861
10195,16610009862
10196,16610009863
10197,16610009864
10198,16610009865
10199,16610009866
10200,16610009867
10201,16610009868
10202,16610009869
10203,16610009870
10204,16610009871
10205,16610009872
10206,16610009873
10207,16610009874
10208,16610009875
10209,16610009876
10210,16610009877
10211,16610009878
10212,16610009879
10213,16610009880
10214,16610009881
10215,16610009882
10216,16610009883
10217,16610009884
10218,16610009885
10219,16610009886
10220,16610009887
10221,16610009888
10222,16610009889
10223,16610009890
10224,16610009891
10225,16610009892
10226,16610009893
10227,16610009894
10228,16610009895
10229,16610009896
10230,16610009897
10231,16610009898
10232,16610009899
10233,16610009900
10234,16610009901
10235,16610009902
10236,16610009903
10237,16610009904
10238,16610009905
10239,16610009906
10240,16610009907
10241,16610009908
10242,16610009909
10243,16610009910
10244,16610009911
10245,16610009912
10246,16610009913
10247,16610009914
10248,16610009915
10249,16610009916
10250,16610009917
10251,16610009918
10252,16610009919
10253,16610009920
10254,16610009921
10255,16610009922
10256,16610009923
10257,16610009924
10258,16610009925
10259,16610009926
10260,16610009927
10261,16610009928
10262,16610009929
10263,16610009930
10264,16610009931
10265,16610009932
10266,16610009933
10267,16610009934
10268,16610009935
10269,16610009936
10270,16610009937
10271,16610009938
10272,16610009939
10273,16610009940
10274,16610009941
10275,16610009942
10276,16610009943
10277,16610009944
10278,16610009945
10279,16610009946
10280,16610009947
10281,16610009948
10282,16610009949
10283,16610009950
10284,16610009951
10285,16610009952
10286,16610009953
10287,16610009954
10288,16610009955
10289,16610009956
10290,16610009957
10291,16610009958
10292,16610009959
10293,16610009960
10294,16610009961
10295,16610009962
10296,16610009963
10297,16610009964
10298,16610009965
10299,16610009966
10300,16610009967
10301,16610009968
10302,16610009969
10303,16610009970
10304,16610009971
10305,16610009972
10306,16610009973
10307,16610009974
10308,16610009975
10309,16610009976
10310,16610009977
10311,16610009978
10312,16610009979
10313,16610009980
10314,16610009981
10315,16610009982
10316,16610009983
10317,16610009984
10318,16610009985
10319,16610009986
10320,16610009987
10321,16610009988
10322,16610009989
10323,16610009990
10324,16610009991
10325,16610009992
10326,16610009993
10327,16610009994
10328,16610009995
10329,16610009996
10330,16610009997
10331,16610009998
10332,16610009999
10382,16610010000
10383,16610010001
10384,16610010002
10385,16610010003
10386,16610010004
10387,16610010005
10388,16610010006
10389,16610010007
10390,16610010008
10391,16610010009
10392,16610010010
10393,16610010011
10394,16610010012
10395,16610010013
10396,16610010014
10397,16610010015
10398,16610010016
10399,16610010017
10400,16610010018
10401,16610010019
10402,16610010020
10403,16610010021
10404,16610010022
10405,16610010023
10406,16610010024
10407,16610010025
10408,16610010026
10409,16610010027
10410,16610010028
10411,16610010029
10412,16610010030
10413,16610010031
10414,16610010032
10415,16610010033
10416,16610010034
10417,16610010035
10418,16610010036
10419,16610010037
10420,16610010038
10421,16610010039
10422,16610010040
10423,16610010041
10424,16610010042
10425,16610010043
10426,16610010044
10427,16610010045
10428,16610010046
10429,16610010047
10430,16610010048
10431,16610010049
10432,16610010050
10433,16610010051
10434,16610010052
10435,16610010053
10436,16610010054
10437,16610010055
10438,16610010056
10439,16610010057
10440,16610010058
10441,16610010059
10442,16610010060
10443,16610010061
10444,16610010062
10445,16610010063
10446,16610010064
10447,16610010065
10448,16610010066
10449,16610010067
10450,16610010068
10451,16610010069
10452,16610010070
10453,16610010071
10454,16610010072
10455,16610010073
10456,16610010074
10457,16610010075
10458,16610010076
10459,16610010077
10460,16610010078
10461,16610010079
10462,16610010080
10463,16610010081
10464,16610010082
10465,16610010083
10466,16610010084
10467,16610010085
10468,16610010086
10469,16610010087
10470,16610010088
10471,16610010089
10472,16610010090
10473,16610010091
10474,16610010092
10475,16610010093
10476,16610010094
10477,16610010095
10478,16610010096
10479,16610010097
10480,16610010098
10481,16610010099
10482,16610010100
10483,16610010101
10484,16610010102
10485,16610010103
10486,16610010104
10487,16610010105
10488,16610010106
10489,16610010107
10490,16610010108
10491,16610010109
10492,16610010110
10493,16610010111
10494,16610010112
10495,16610010113
10496,16610010114
10497,16610010115
10498,16610010116
10499,16610010117
10500,16610010118
10501,16610010119
10502,16610010120
10503,16610010121
10504,16610010122
10505,16610010123
10506,16610010124
10507,16610010125
10508,16610010126
10509,16610010127
10510,16610010128
10511,16610010129
10512,16610010130
10513,16610010131
10514,16610010132
10515,16610010133
10516,16610010134
10517,16610010135
10518,16610010136
10519,16610010137
10520,16610010138
10521,16610010139
10522,16610010140
10523,16610010141
10524,16610010142
10525,16610010143
10526,16610010144
10527,16610010145
10528,16610010146
10529,16610010147
10530,16610010148
10531,16610010149
10532,16610010150
10533,16610010151
10534,16610010152
10535,16610010153
10536,16610010154
10537,16610010155
10538,16610010156
10539,16610010157
10540,16610010158
10541,16610010159
10542,16610010160
10543,16610010161
10544,16610010162
10545,16610010163
10546,16610010164
10547,16610010165
10548,16610010166
10549,16610010167
10550,16610010168
10551,16610010169
10552,16610010170
10553,16610010171
10554,16610010172
10555,16610010173
10556,16610010174
10557,16610010175
10558,16610010176
10559,16610010177
10560,16610010178
10561,16610010179
10562,16610010180
10563,16610010181
10564,16610010182
10565,16610010183
10566,16610010184
10567,16610010185
10568,16610010186
10569,16610010187
10570,16610010188
10571,16610010189
10572,16610010190
10573,16610010191
10574,16610010192
10575,16610010193
10576,16610010194
10577,16610010195
10578,16610010196
10579,16610010197
10580,16610010198
10581,16610010199
10582,16610010200
10583,16610010201
10584,16610010202
10585,16610010203
10586,16610010204
10587,16610010205
10588,16610010206
10589,16610010207
10590,16610010208
10591,16610010209
10592,16610010210
10593,16610010211
10594,16610010212
10595,16610010213
10596,16610010214
10597,16610010215
10598,16610010216
10599,16610010217
10600,16610010218
10601,16610010219
10602,16610010220
10603,16610010221
10604,16610010222
10605,16610010223
10606,16610010224
10607,16610010225
10608,16610010226
10609,16610010227
10610,16610010228
10611,16610010229
10612,16610010230
10613,16610010231
10614,16610010232
10615,16610010233
10616,16610010234
10617,16610010235
10618,16610010236
10619,16610010237
10620,16610010238
10621,16610010239
10622,16610010240
10623,16610010241
10624,16610010242
10625,16610010243
10626,16610010244
10627,16610010245
10628,16610010246
10629,16610010247
10630,16610010248
10631,16610010249
10632,16610010250
10633,16610010251
10634,16610010252
10635,16610010253
10636,16610010254
10637,16610010255
10638,16610010256
10639,16610010257
10640,16610010258
10641,16610010259
10642,16610010260
10643,16610010261
10644,16610010262
10645,16610010263
10646,16610010264
10647,16610010265
10648,16610010266
10649,16610010267
10650,16610010268
10651,16610010269
10652,16610010270
10653,16610010271
10654,16610010272
10655,16610010273
10656,16610010274
10657,16610010275
10658,16610010276
10659,16610010277
10660,16610010278
10661,16610010279
10662,16610010280
10663,16610010281
10664,16610010282
10665,16610010283
10666,16610010284
10667,16610010285
10668,16610010286
10669,16610010287
10670,16610010288
10671,16610010289
10672,16610010290
10673,16610010291
10674,16610010292
10675,16610010293
10676,16610010294
10677,16610010295
10678,16610010296
10679,16610010297
10680,16610010298
10681,16610010299
10682,16610010300
10683,16610010301
10684,16610010302
10685,16610010303
10686,16610010304
10687,16610010305
10688,16610010306
10689,16610010307
10690,16610010308
10691,16610010309
10692,16610010310
10693,16610010311
10694,16610010312
10695,16610010313
10696,16610010314
10697,16610010315
10698,16610010316
10699,16610010317
10700,16610010318
10701,16610010319
10702,16610010320
10703,16610010321
10704,16610010322
10705,16610010323
10706,16610010324
10707,16610010325
10708,16610010326
10709,16610010327
10710,16610010328
10711,16610010329
10712,16610010330
10713,16610010331
10714,16610010332
10715,16610010333
10716,16610010334
10717,16610010335
10718,16610010336
10719,16610010337
10720,16610010338
10721,16610010339
10722,16610010340
10723,16610010341
10724,16610010342
10725,16610010343
10726,16610010344
10727,16610010345
10728,16610010346
10729,16610010347
10730,16610010348
10731,16610010349
10732,16610010350
10733,16610010351
10734,16610010352
10735,16610010353
10736,16610010354
10737,16610010355
10738,16610010356
10739,16610010357
10740,16610010358
10741,16610010359
10742,16610010360
10743,16610010361
10744,16610010362
10745,16610010363
10746,16610010364
10747,16610010365
10748,16610010366
10749,16610010367
10750,16610010368
10751,16610010369
10752,16610010370
10753,16610010371
10754,16610010372
10755,16610010373
10756,16610010374
10757,16610010375
10758,16610010376
10759,16610010377
10760,16610010378
10761,16610010379
10762,16610010380
10763,16610010381
10764,16610010382
10765,16610010383
10766,16610010384
10767,16610010385
10768,16610010386
10769,16610010387
10770,16610010388
10771,16610010389
10772,16610010390
10773,16610010391
10774,16610010392
10775,16610010393
10776,16610010394
10777,16610010395
10778,16610010396
10779,16610010397
10780,16610010398
10781,16610010399
10782,16610010400
10783,16610010401
10784,16610010402
10785,16610010403
10786,16610010404
10787,16610010405
10788,16610010406
10789,16610010407
10790,16610010408
10791,16610010409
10792,16610010410
10793,16610010411
10794,16610010412
10795,16610010413
10796,16610010414
10797,16610010415
10798,16610010416
10799,16610010417
10800,16610010418
10801,16610010419
10802,16610010420
10803,16610010421
10804,16610010422
10805,16610010423
10806,16610010424
10807,16610010425
10808,16610010426
10809,16610010427
10810,16610010428
10811,16610010429
10812,16610010430
10813,16610010431
10814,16610010432
10815,16610010433
10816,16610010434
10817,16610010435
10818,16610010436
10819,16610010437
10820,16610010438
10821,16610010439
10822,16610010440
10823,16610010441
10824,16610010442
10825,16610010443
10826,16610010444
10827,16610010445
10828,16610010446
10829,16610010447
10830,16610010448
10831,16610010449
10832,16610010450
10833,16610010451
10834,16610010452
10835,16610010453
10836,16610010454
10837,16610010455
10838,16610010456
10839,16610010457
10840,16610010458
10841,16610010459
10842,16610010460
10843,16610010461
10844,16610010462
10845,16610010463
10846,16610010464
10847,16610010465
10848,16610010466
10849,16610010467
10850,16610010468
10851,16610010469
10852,16610010470
10853,16610010471
10854,16610010472
10855,16610010473
10856,16610010474
10857,16610010475
10858,16610010476
10859,16610010477
10860,16610010478
10861,16610010479
10862,16610010480
10863,16610010481
10864,16610010482
10865,16610010483
10866,16610010484
10867,16610010485
10868,16610010486
10869,16610010487
10870,16610010488
10871,16610010489
10872,16610010490
10873,16610010491
10874,16610010492
10875,16610010493
10876,16610010494
10877,16610010495
10878,16610010496
10879,16610010497
10880,16610010498
10881,16610010499
10882,16610010500
10883,16610010501
10884,16610010502
10885,16610010503
10886,16610010504
10887,16610010505
10888,16610010506
10889,16610010507
10890,16610010508
10891,16610010509
10892,16610010510
10893,16610010511
10894,16610010512
10895,16610010513
10896,16610010514
10897,16610010515
10898,16610010516
10899,16610010517
10900,16610010518
10901,16610010519
10902,16610010520
10903,16610010521
10904,16610010522
10905,16610010523
10906,16610010524
10907,16610010525
10908,16610010526
10909,16610010527
10910,16610010528
10911,16610010529
10912,16610010530
10913,16610010531
10914,16610010532
10915,16610010533
10916,16610010534
10917,16610010535
10918,16610010536
10919,16610010537
10920,16610010538
10921,16610010539
10922,16610010540
10923,16610010541
10924,16610010542
10925,16610010543
10926,16610010544
10927,16610010545
10928,16610010546
10929,16610010547
10930,16610010548
10931,16610010549
10932,16610010550
10933,16610010551
10934,16610010552
10935,16610010553
10936,16610010554
10937,16610010555
10938,16610010556
10939,16610010557
10940,16610010558
10941,16610010559
10942,16610010560
10943,16610010561
10944,16610010562
10945,16610010563
10946,16610010564
10947,16610010565
10948,16610010566
10949,16610010567
10950,16610010568
10951,16610010569
10952,16610010570
10953,16610010571
10954,16610010572
10955,16610010573
10956,16610010574
10957,16610010575
10958,16610010576
10959,16610010577
10960,16610010578
10961,16610010579
10962,16610010580
10963,16610010581
10964,16610010582
10965,16610010583
10966,16610010584
10967,16610010585
10968,16610010586
10969,16610010587
10970,16610010588
10971,16610010589
10972,16610010590
10973,16610010591
10974,16610010592
10975,16610010593
10976,16610010594
10977,16610010595
10978,16610010596
10979,16610010597
10980,16610010598
10981,16610010599
10982,16610010600
10983,16610010601
10984,16610010602
10985,16610010603
10986,16610010604
10987,16610010605
10988,16610010606
10989,16610010607
10990,16610010608
10991,16610010609
10992,16610010610
10993,16610010611
10994,16610010612
10995,16610010613
10996,16610010614
10997,16610010615
10998,16610010616
10999,16610010617
11000,16610010618
11001,16610010619
11002,16610010620
11003,16610010621
11004,16610010622
11005,16610010623
11006,16610010624
11007,16610010625
11008,16610010626
11009,16610010627
11010,16610010628
11011,16610010629
11012,16610010630
11013,16610010631
11014,16610010632
11015,16610010633
11016,16610010634
11017,16610010635
11018,16610010636
11019,16610010637
11020,16610010638
11021,16610010639
11022,16610010640
11023,16610010641
11024,16610010642
11025,16610010643
11026,16610010644
11027,16610010645
11028,16610010646
11029,16610010647
11030,16610010648
11031,16610010649
11032,16610010650
11033,16610010651
11034,16610010652
11035,16610010653
11036,16610010654
11037,16610010655
11038,16610010656
11039,16610010657
11040,16610010658
11041,16610010659
11042,16610010660
11043,16610010661
11044,16610010662
11045,16610010663
11046,16610010664
11047,16610010665
11048,16610010666
11049,16610010667
11050,16610010668
11051,16610010669
11052,16610010670
11053,16610010671
11054,16610010672
11055,16610010673
11056,16610010674
11057,16610010675
11058,16610010676
11059,16610010677
11060,16610010678
11061,16610010679
11062,16610010680
11063,16610010681
11064,16610010682
11065,16610010683
11066,16610010684
11067,16610010685
11068,16610010686
11069,16610010687
11070,16610010688
11071,16610010689
11072,16610010690
11073,16610010691
11074,16610010692
11075,16610010693
11076,16610010694
11077,16610010695
11078,16610010696
11079,16610010697
11080,16610010698
11081,16610010699
11082,16610010700
11083,16610010701
11084,16610010702
11085,16610010703
11086,16610010704
11087,16610010705
11088,16610010706
11089,16610010707
11090,16610010708
11091,16610010709
11092,16610010710
11093,16610010711
11094,16610010712
11095,16610010713
11096,16610010714
11097,16610010715
11098,16610010716
11099,16610010717
11100,16610010718
11101,16610010719
11102,16610010720
11103,16610010721
11104,16610010722
11105,16610010723
11106,16610010724
11107,16610010725
11108,16610010726
11109,16610010727
11110,16610010728
11111,16610010729
11112,16610010730
11113,16610010731
11114,16610010732
11115,16610010733
11116,16610010734
11117,16610010735
11118,16610010736
11119,16610010737
11120,16610010738
11121,16610010739
11122,16610010740
11123,16610010741
11124,16610010742
11125,16610010743
11126,16610010744
11127,16610010745
11128,16610010746
11129,16610010747
11130,16610010748
11131,16610010749
11132,16610010750
11133,16610010751
11134,16610010752
11135,16610010753
11136,16610010754
11137,16610010755
11138,16610010756
11139,16610010757
11140,16610010758
11141,16610010759
11142,16610010760
11143,16610010761
11144,16610010762
11145,16610010763
11146,16610010764
11147,16610010765
11148,16610010766
11149,16610010767
11150,16610010768
11151,16610010769
11152,16610010770
11153,16610010771
11154,16610010772
11155,16610010773
11156,16610010774
11157,16610010775
11158,16610010776
11159,16610010777
11160,16610010778
11161,16610010779
11162,16610010780
11163,16610010781
11164,16610010782
11165,16610010783
11166,16610010784
11167,16610010785
11168,16610010786
11169,16610010787
11170,16610010788
11171,16610010789
11172,16610010790
11173,16610010791
11174,16610010792
11175,16610010793
11176,16610010794
11177,16610010795
11178,16610010796
11179,16610010797
11180,16610010798
11181,16610010799
11182,16610010800
11183,16610010801
11184,16610010802
11185,16610010803
11186,16610010804
11187,16610010805
11188,16610010806
11189,16610010807
11190,16610010808
11191,16610010809
11192,16610010810
11193,16610010811
11194,16610010812
11195,16610010813
11196,16610010814
11197,16610010815
11198,16610010816
11199,16610010817
11200,16610010818
11201,16610010819
11202,16610010820
11203,16610010821
11204,16610010822
11205,16610010823
11206,16610010824
11207,16610010825
11208,16610010826
11209,16610010827
11210,16610010828
11211,16610010829
11212,16610010830
11213,16610010831
11214,16610010832
11215,16610010833
11216,16610010834
11217,16610010835
11218,16610010836
11219,16610010837
11220,16610010838
11221,16610010839
11222,16610010840
11223,16610010841
11224,16610010842
11225,16610010843
11226,16610010844
11227,16610010845
11228,16610010846
11229,16610010847
11230,16610010848
11231,16610010849
11232,16610010850
11233,16610010851
11234,16610010852
11235,16610010853
11236,16610010854
11237,16610010855
11238,16610010856
11239,16610010857
11240,16610010858
11241,16610010859
11242,16610010860
11243,16610010861
11244,16610010862
11245,16610010863
11246,16610010864
11247,16610010865
11248,16610010866
11249,16610010867
11250,16610010868
11251,16610010869
11252,16610010870
11253,16610010871
11254,16610010872
11255,16610010873
11256,16610010874
11257,16610010875
11258,16610010876
11259,16610010877
11260,16610010878
11261,16610010879
11262,16610010880
11263,16610010881
11264,16610010882
11265,16610010883
11266,16610010884
11267,16610010885
11268,16610010886
11269,16610010887
11270,16610010888
11271,16610010889
11272,16610010890
11273,16610010891
11274,16610010892
11275,16610010893
11276,16610010894
11277,16610010895
11278,16610010896
11279,16610010897
11280,16610010898
11281,16610010899
11282,16610010900
11283,16610010901
11284,16610010902
11285,16610010903
11286,16610010904
11287,16610010905
11288,16610010906
11289,16610010907
11290,16610010908
11291,16610010909
11292,16610010910
11293,16610010911
11294,16610010912
11295,16610010913
11296,16610010914
11297,16610010915
11298,16610010916
11299,16610010917
11300,16610010918
11301,16610010919
11302,16610010920
11303,16610010921
11304,16610010922
11305,16610010923
11306,16610010924
11307,16610010925
11308,16610010926
11309,16610010927
11310,16610010928
11311,16610010929
11312,16610010930
11313,16610010931
11314,16610010932
11315,16610010933
11316,16610010934
11317,16610010935
11318,16610010936
11319,16610010937
11320,16610010938
11321,16610010939
11322,16610010940
11323,16610010941
11324,16610010942
11325,16610010943
11326,16610010944
11327,16610010945
11328,16610010946
11329,16610010947
11330,16610010948
11331,16610010949
11332,16610010950
11333,16610010951
11334,16610010952
11335,16610010953
11336,16610010954
11337,16610010955
11338,16610010956
11339,16610010957
11340,16610010958
11341,16610010959
11342,16610010960
11343,16610010961
11344,16610010962
11345,16610010963
11346,16610010964
11347,16610010965
11348,16610010966
11349,16610010967
11350,16610010968
11351,16610010969
11352,16610010970
11353,16610010971
11354,16610010972
11355,16610010973
11356,16610010974
11357,16610010975
11358,16610010976
11359,16610010977
11360,16610010978
11361,16610010979
11362,16610010980
11363,16610010981
11364,16610010982
11365,16610010983
11366,16610010984
11367,16610010985
11368,16610010986
11369,16610010987
11370,16610010988
11371,16610010989
11372,16610010990
11373,16610010991
11374,16610010992
11375,16610010993
11376,16610010994
11377,16610010995
11378,16610010996
11379,16610010997
11380,16610010998
11381,16610010999
11382,16610011000
11383,16610011001
11384,16610011002
11385,16610011003
11386,16610011004
11387,16610011005
11388,16610011006
11389,16610011007
11390,16610011008
11391,16610011009
11392,16610011010
11393,16610011011
11394,16610011012
11395,16610011013
11396,16610011014
11397,16610011015
11398,16610011016
11399,16610011017
11400,16610011018
11401,16610011019
11402,16610011020
11403,16610011021
11404,16610011022
11405,16610011023
11406,16610011024
11407,16610011025
11408,16610011026
11409,16610011027
11410,16610011028
11411,16610011029
11412,16610011030
11413,16610011031
11414,16610011032
11415,16610011033
11416,16610011034
11417,16610011035
11418,16610011036
11419,16610011037
11420,16610011038
11421,16610011039
11422,16610011040
11423,16610011041
11424,16610011042
11425,16610011043
11426,16610011044
11427,16610011045
11428,16610011046
11429,16610011047
11430,16610011048
11431,16610011049
11432,16610011050
11433,16610011051
11434,16610011052
11435,16610011053
11436,16610011054
11437,16610011055
11438,16610011056
11439,16610011057
11440,16610011058
11441,16610011059
11442,16610011060
11443,16610011061
11444,16610011062
11445,16610011063
11446,16610011064
11447,16610011065
11448,16610011066
11449,16610011067
11450,16610011068
11451,16610011069
11452,16610011070
11453,16610011071
11454,16610011072
11455,16610011073
11456,16610011074
11457,16610011075
11458,16610011076
11459,16610011077
11460,16610011078
11461,16610011079
11462,16610011080
11463,16610011081
11464,16610011082
11465,16610011083
11466,16610011084
11467,16610011085
11468,16610011086
11469,16610011087
11470,16610011088
11471,16610011089
11472,16610011090
11473,16610011091
11474,16610011092
11475,16610011093
11476,16610011094
11477,16610011095
11478,16610011096
11479,16610011097
11480,16610011098
11481,16610011099
11482,16610011100
11483,16610011101
11484,16610011102
11485,16610011103
11486,16610011104
11487,16610011105
11488,16610011106
11489,16610011107
11490,16610011108
11491,16610011109
11492,16610011110
11493,16610011111
11494,16610011112
11495,16610011113
11496,16610011114
11497,16610011115
11498,16610011116
11499,16610011117
11500,16610011118
11501,16610011119
11502,16610011120
11503,16610011121
11504,16610011122
11505,16610011123
11506,16610011124
11507,16610011125
11508,16610011126
11509,16610011127
11510,16610011128
11511,16610011129
11512,16610011130
11513,16610011131
11514,16610011132
11515,16610011133
11516,16610011134
11517,16610011135
11518,16610011136
11519,16610011137
11520,16610011138
11521,16610011139
11522,16610011140
11523,16610011141
11524,16610011142
11525,16610011143
11526,16610011144
11527,16610011145
11528,16610011146
11529,16610011147
11530,16610011148
11531,16610011149
11532,16610011150
11533,16610011151
11534,16610011152
11535,16610011153
11536,16610011154
11537,16610011155
11538,16610011156
11539,16610011157
11540,16610011158
11541,16610011159
11542,16610011160
11543,16610011161
11544,16610011162
11545,16610011163
11546,16610011164
11547,16610011165
11548,16610011166
11549,16610011167
11550,16610011168
11551,16610011169
11552,16610011170
11553,16610011171
11554,16610011172
11555,16610011173
11556,16610011174
11557,16610011175
11558,16610011176
11559,16610011177
11560,16610011178
11561,16610011179
11562,16610011180
11563,16610011181
11564,16610011182
11565,16610011183
11566,16610011184
11567,16610011185
11568,16610011186
11569,16610011187
11570,16610011188
11571,16610011189
11572,16610011190
11573,16610011191
11574,16610011192
11575,16610011193
11576,16610011194
11577,16610011195
11578,16610011196
11579,16610011197
11580,16610011198
11581,16610011199
11582,16610011200
11583,16610011201
11584,16610011202
11585,16610011203
11586,16610011204
11587,16610011205
11588,16610011206
11589,16610011207
11590,16610011208
11591,16610011209
11592,16610011210
11593,16610011211
11594,16610011212
11595,16610011213
11596,16610011214
11597,16610011215
11598,16610011216
11599,16610011217
11600,16610011218
11601,16610011219
11602,16610011220
11603,16610011221
11604,16610011222
11605,16610011223
11606,16610011224
11607,16610011225
11608,16610011226
11609,16610011227
11610,16610011228
11611,16610011229
11612,16610011230
11613,16610011231
11614,16610011232
11615,16610011233
11616,16610011234
11617,16610011235
11618,16610011236
11619,16610011237
11620,16610011238
11621,16610011239
11622,16610011240
11623,16610011241
11624,16610011242
11625,16610011243
11626,16610011244
11627,16610011245
11628,16610011246
11629,16610011247
11630,16610011248
11631,16610011249
11632,16610011250
11633,16610011251
11634,16610011252
11635,16610011253
11636,16610011254
11637,16610011255
11638,16610011256
11639,16610011257
11640,16610011258
11641,16610011259
11642,16610011260
11643,16610011261
11644,16610011262
11645,16610011263
11646,16610011264
11647,16610011265
11648,16610011266
11649,16610011267
11650,16610011268
11651,16610011269
11652,16610011270
11653,16610011271
11654,16610011272
11655,16610011273
11656,16610011274
11657,16610011275
11658,16610011276
11659,16610011277
11660,16610011278
11661,16610011279
11662,16610011280
11663,16610011281
11664,16610011282
11665,16610011283
11666,16610011284
11667,16610011285
11668,16610011286
11669,16610011287
11670,16610011288
11671,16610011289
11672,16610011290
11673,16610011291
11674,16610011292
11675,16610011293
11676,16610011294
11677,16610011295
11678,16610011296
11679,16610011297
11680,16610011298
11681,16610011299
11682,16610011300
11683,16610011301
11684,16610011302
11685,16610011303
11686,16610011304
11687,16610011305
11688,16610011306
11689,16610011307
11690,16610011308
11691,16610011309
11692,16610011310
11693,16610011311
11694,16610011312
11695,16610011313
11696,16610011314
11697,16610011315
11698,16610011316
11699,16610011317
11700,16610011318
11701,16610011319
11702,16610011320
11703,16610011321
11704,16610011322
11705,16610011323
11706,16610011324
11707,16610011325
11708,16610011326
11709,16610011327
11710,16610011328
11711,16610011329
11712,16610011330
11713,16610011331
11714,16610011332
11715,16610011333
11716,16610011334
11717,16610011335
11718,16610011336
11719,16610011337
11720,16610011338
11721,16610011339
11722,16610011340
11723,16610011341
11724,16610011342
11725,16610011343
11726,16610011344
11727,16610011345
11728,16610011346
11729,16610011347
11730,16610011348
11731,16610011349
11732,16610011350
11733,16610011351
11734,16610011352
11735,16610011353
11736,16610011354
11737,16610011355
11738,16610011356
11739,16610011357
11740,16610011358
11741,16610011359
11742,16610011360
11743,16610011361
11744,16610011362
11745,16610011363
11746,16610011364
11747,16610011365
11748,16610011366
11749,16610011367
11750,16610011368
11751,16610011369
11752,16610011370
11753,16610011371
11754,16610011372
11755,16610011373
11756,16610011374
11757,16610011375
11758,16610011376
11759,16610011377
11760,16610011378
11761,16610011379
11762,16610011380
11763,16610011381
11764,16610011382
11765,16610011383
11766,16610011384
11767,16610011385
11768,16610011386
11769,16610011387
11770,16610011388
11771,16610011389
11772,16610011390
11773,16610011391
11774,16610011392
11775,16610011393
11776,16610011394
11777,16610011395
11778,16610011396
11779,16610011397
11780,16610011398
11781,16610011399
11782,16610011400
11783,16610011401
11784,16610011402
11785,16610011403
11786,16610011404
11787,16610011405
11788,16610011406
11789,16610011407
11790,16610011408
11791,16610011409
11792,16610011410
11793,16610011411
11794,16610011412
11795,16610011413
11796,16610011414
11797,16610011415
11798,16610011416
11799,16610011417
11800,16610011418
11801,16610011419
11802,16610011420
11803,16610011421
11804,16610011422
11805,16610011423
11806,16610011424
11807,16610011425
11808,16610011426
11809,16610011427
11810,16610011428
11811,16610011429
11812,16610011430
11813,16610011431
11814,16610011432
11815,16610011433
11816,16610011434
11817,16610011435
11818,16610011436
11819,16610011437
11820,16610011438
11821,16610011439
11822,16610011440
11823,16610011441
11824,16610011442
11825,16610011443
11826,16610011444
11827,16610011445
11828,16610011446
11829,16610011447
11830,16610011448
11831,16610011449
11832,16610011450
11833,16610011451
11834,16610011452
11835,16610011453
11836,16610011454
11837,16610011455
11838,16610011456
11839,16610011457
11840,16610011458
11841,16610011459
11842,16610011460
11843,16610011461
11844,16610011462
11845,16610011463
11846,16610011464
11847,16610011465
11848,16610011466
11849,16610011467
11850,16610011468
11851,16610011469
11852,16610011470
11853,16610011471
11854,16610011472
11855,16610011473
11856,16610011474
11857,16610011475
11858,16610011476
11859,16610011477
11860,16610011478
11861,16610011479
11862,16610011480
11863,16610011481
11864,16610011482
11865,16610011483
11866,16610011484
11867,16610011485
11868,16610011486
11869,16610011487
11870,16610011488
11871,16610011489
11872,16610011490
11873,16610011491
11874,16610011492
11875,16610011493
11876,16610011494
11877,16610011495
11878,16610011496
11879,16610011497
11880,16610011498
11881,16610011499
11882,16610011500
11883,16610011501
11884,16610011502
11885,16610011503
11886,16610011504
11887,16610011505
11888,16610011506
11889,16610011507
11890,16610011508
11891,16610011509
11892,16610011510
11893,16610011511
11894,16610011512
11895,16610011513
11896,16610011514
11897,16610011515
11898,16610011516
11899,16610011517
11900,16610011518
11901,16610011519
11902,16610011520
11903,16610011521
11904,16610011522
11905,16610011523
11906,16610011524
11907,16610011525
11908,16610011526
11909,16610011527
11910,16610011528
11911,16610011529
11912,16610011530
11913,16610011531
11914,16610011532
11915,16610011533
11916,16610011534
11917,16610011535
11918,16610011536
11919,16610011537
11920,16610011538
11921,16610011539
11922,16610011540
11923,16610011541
11924,16610011542
11925,16610011543
11926,16610011544
11927,16610011545
11928,16610011546
11929,16610011547
11930,16610011548
11931,16610011549
11932,16610011550
11933,16610011551
11934,16610011552
11935,16610011553
11936,16610011554
11937,16610011555
11938,16610011556
11939,16610011557
11940,16610011558
11941,16610011559
11942,16610011560
11943,16610011561
11944,16610011562
11945,16610011563
11946,16610011564
11947,16610011565
11948,16610011566
11949,16610011567
11950,16610011568
11951,16610011569
11952,16610011570
11953,16610011571
11954,16610011572
11955,16610011573
11956,16610011574
11957,16610011575
11958,16610011576
11959,16610011577
11960,16610011578
11961,16610011579
11962,16610011580
11963,16610011581
11964,16610011582
11965,16610011583
11966,16610011584
11967,16610011585
11968,16610011586
11969,16610011587
11970,16610011588
11971,16610011589
11972,16610011590
11973,16610011591
11974,16610011592
11975,16610011593
11976,16610011594
11977,16610011595
11978,16610011596
11979,16610011597
11980,16610011598
11981,16610011599
11982,16610011600
11983,16610011601
11984,16610011602
11985,16610011603
11986,16610011604
11987,16610011605
11988,16610011606
11989,16610011607
11990,16610011608
11991,16610011609
11992,16610011610
11993,16610011611
11994,16610011612
11995,16610011613
11996,16610011614
11997,16610011615
11998,16610011616
11999,16610011617
12000,16610011618
12001,16610011619
12002,16610011620
12003,16610011621
12004,16610011622
12005,16610011623
12006,16610011624
12007,16610011625
12008,16610011626
12009,16610011627
12010,16610011628
12011,16610011629
12012,16610011630
12013,16610011631
12014,16610011632
12015,16610011633
12016,16610011634
12017,16610011635
12018,16610011636
12019,16610011637
12020,16610011638
12021,16610011639
12022,16610011640
12023,16610011641
12024,16610011642
12025,16610011643
12026,16610011644
12027,16610011645
12028,16610011646
12029,16610011647
12030,16610011648
12031,16610011649
12032,16610011650
12033,16610011651
12034,16610011652
12035,16610011653
12036,16610011654
12037,16610011655
12038,16610011656
12039,16610011657
12040,16610011658
12041,16610011659
12042,16610011660
12043,16610011661
12044,16610011662
12045,16610011663
12046,16610011664
12047,16610011665
12048,16610011666
12049,16610011667
12050,16610011668
12051,16610011669
12052,16610011670
12053,16610011671
12054,16610011672
12055,16610011673
12056,16610011674
12057,16610011675
12058,16610011676
12059,16610011677
12060,16610011678
12061,16610011679
12062,16610011680
12063,16610011681
12064,16610011682
12065,16610011683
12066,16610011684
12067,16610011685
12068,16610011686
12069,16610011687
12070,16610011688
12071,16610011689
12072,16610011690
12073,16610011691
12074,16610011692
12075,16610011693
12076,16610011694
12077,16610011695
12078,16610011696
12079,16610011697
12080,16610011698
12081,16610011699
12082,16610011700
12083,16610011701
12084,16610011702
12085,16610011703
12086,16610011704
12087,16610011705
12088,16610011706
12089,16610011707
12090,16610011708
12091,16610011709
12092,16610011710
12093,16610011711
12094,16610011712
12095,16610011713
12096,16610011714
12097,16610011715
12098,16610011716
12099,16610011717
12100,16610011718
12101,16610011719
12102,16610011720
12103,16610011721
12104,16610011722
12105,16610011723
12106,16610011724
12107,16610011725
12108,16610011726
12109,16610011727
12110,16610011728
12111,16610011729
12112,16610011730
12113,16610011731
12114,16610011732
12115,16610011733
12116,16610011734
12117,16610011735
12118,16610011736
12119,16610011737
12120,16610011738
12121,16610011739
12122,16610011740
12123,16610011741
12124,16610011742
12125,16610011743
12126,16610011744
12127,16610011745
12128,16610011746
12129,16610011747
12130,16610011748
12131,16610011749
12132,16610011750
12133,16610011751
12134,16610011752
12135,16610011753
12136,16610011754
12137,16610011755
12138,16610011756
12139,16610011757
12140,16610011758
12141,16610011759
12142,16610011760
12143,16610011761
12144,16610011762
12145,16610011763
12146,16610011764
12147,16610011765
12148,16610011766
12149,16610011767
12150,16610011768
12151,16610011769
12152,16610011770
12153,16610011771
12154,16610011772
12155,16610011773
12156,16610011774
12157,16610011775
12158,16610011776
12159,16610011777
12160,16610011778
12161,16610011779
12162,16610011780
12163,16610011781
12164,16610011782
12165,16610011783
12166,16610011784
12167,16610011785
12168,16610011786
12169,16610011787
12170,16610011788
12171,16610011789
12172,16610011790
12173,16610011791
12174,16610011792
12175,16610011793
12176,16610011794
12177,16610011795
12178,16610011796
12179,16610011797
12180,16610011798
12181,16610011799
12182,16610011800
12183,16610011801
12184,16610011802
12185,16610011803
12186,16610011804
12187,16610011805
12188,16610011806
12189,16610011807
12190,16610011808
12191,16610011809
12192,16610011810
12193,16610011811
12194,16610011812
12195,16610011813
12196,16610011814
12197,16610011815
12198,16610011816
12199,16610011817
12200,16610011818
12201,16610011819
12202,16610011820
12203,16610011821
12204,16610011822
12205,16610011823
12206,16610011824
12207,16610011825
12208,16610011826
12209,16610011827
12210,16610011828
12211,16610011829
12212,16610011830
12213,16610011831
12214,16610011832
12215,16610011833
12216,16610011834
12217,16610011835
12218,16610011836
12219,16610011837
12220,16610011838
12221,16610011839
12222,16610011840
12223,16610011841
12224,16610011842
12225,16610011843
12226,16610011844
12227,16610011845
12228,16610011846
12229,16610011847
12230,16610011848
12231,16610011849
12232,16610011850
12233,16610011851
12234,16610011852
12235,16610011853
12236,16610011854
12237,16610011855
12238,16610011856
12239,16610011857
12240,16610011858
12241,16610011859
12242,16610011860
12243,16610011861
12244,16610011862
12245,16610011863
12246,16610011864
12247,16610011865
12248,16610011866
12249,16610011867
12250,16610011868
12251,16610011869
12252,16610011870
12253,16610011871
12254,16610011872
12255,16610011873
12256,16610011874
12257,16610011875
12258,16610011876
12259,16610011877
12260,16610011878
12261,16610011879
12262,16610011880
12263,16610011881
12264,16610011882
12265,16610011883
12266,16610011884
12267,16610011885
12268,16610011886
12269,16610011887
12270,16610011888
12271,16610011889
12272,16610011890
12273,16610011891
12274,16610011892
12275,16610011893
12276,16610011894
12277,16610011895
12278,16610011896
12279,16610011897
12280,16610011898
12281,16610011899
12282,16610011900
12283,16610011901
12284,16610011902
12285,16610011903
12286,16610011904
12287,16610011905
12288,16610011906
12289,16610011907
12290,16610011908
12291,16610011909
12292,16610011910
12293,16610011911
12294,16610011912
12295,16610011913
12296,16610011914
12297,16610011915
12298,16610011916
12299,16610011917
12300,16610011918
12301,16610011919
12302,16610011920
12303,16610011921
12304,16610011922
12305,16610011923
12306,16610011924
12307,16610011925
12308,16610011926
12309,16610011927
12310,16610011928
12311,16610011929
12312,16610011930
12313,16610011931
12314,16610011932
12315,16610011933
12316,16610011934
12317,16610011935
12318,16610011936
12319,16610011937
12320,16610011938
12321,16610011939
12322,16610011940
12323,16610011941
12324,16610011942
12325,16610011943
12326,16610011944
12327,16610011945
12328,16610011946
12329,16610011947
12330,16610011948
12331,16610011949
12332,16610011950
12333,16610011951
12334,16610011952
12335,16610011953
12336,16610011954
12337,16610011955
12338,16610011956
12339,16610011957
12340,16610011958
12341,16610011959
12342,16610011960
12343,16610011961
12344,16610011962
12345,16610011963
12346,16610011964
12347,16610011965
12348,16610011966
12349,16610011967
12350,16610011968
12351,16610011969
12352,16610011970
12353,16610011971
12354,16610011972
12355,16610011973
12356,16610011974
12357,16610011975
12358,16610011976
12359,16610011977
12360,16610011978
12361,16610011979
12362,16610011980
12363,16610011981
12364,16610011982
12365,16610011983
12366,16610011984
12367,16610011985
12368,16610011986
12369,16610011987
12370,16610011988
12371,16610011989
12372,16610011990
12373,16610011991
12374,16610011992
12375,16610011993
12376,16610011994
12377,16610011995
12378,16610011996
12379,16610011997
12380,16610011998
12381,16610011999
12382,16610012000
12383,16610012001
12384,16610012002
12385,16610012003
12386,16610012004
12387,16610012005
12388,16610012006
12389,16610012007
12390,16610012008
12391,16610012009
12392,16610012010
12393,16610012011
12394,16610012012
12395,16610012013
12396,16610012014
12397,16610012015
12398,16610012016
12399,16610012017
12400,16610012018
12401,16610012019
12402,16610012020
12403,16610012021
12404,16610012022
12405,16610012023
12406,16610012024
12407,16610012025
12408,16610012026
12409,16610012027
12410,16610012028
12411,16610012029
12412,16610012030
12413,16610012031
12414,16610012032
12415,16610012033
12416,16610012034
12417,16610012035
12418,16610012036
12419,16610012037
12420,16610012038
12421,16610012039
12422,16610012040
12423,16610012041
12424,16610012042
12425,16610012043
12426,16610012044
12427,16610012045
12428,16610012046
12429,16610012047
12430,16610012048
12431,16610012049
12432,16610012050
12433,16610012051
12434,16610012052
12435,16610012053
12436,16610012054
12437,16610012055
12438,16610012056
12439,16610012057
12440,16610012058
12441,16610012059
12442,16610012060
12443,16610012061
12444,16610012062
12445,16610012063
12446,16610012064
12447,16610012065
12448,16610012066
12449,16610012067
12450,16610012068
12451,16610012069
12452,16610012070
12453,16610012071
12454,16610012072
12455,16610012073
12456,16610012074
12457,16610012075
12458,16610012076
12459,16610012077
12460,16610012078
12461,16610012079
12462,16610012080
12463,16610012081
12464,16610012082
12465,16610012083
12466,16610012084
12467,16610012085
12468,16610012086
12469,16610012087
12470,16610012088
12471,16610012089
12472,16610012090
12473,16610012091
12474,16610012092
12475,16610012093
12476,16610012094
12477,16610012095
12478,16610012096
12479,16610012097
12480,16610012098
12481,16610012099
12482,16610012100
12483,16610012101
12484,16610012102
12485,16610012103
12486,16610012104
12487,16610012105
12488,16610012106
12489,16610012107
12490,16610012108
12491,16610012109
12492,16610012110
12493,16610012111
12494,16610012112
12495,16610012113
12496,16610012114
12497,16610012115
12498,16610012116
12499,16610012117
12500,16610012118
12501,16610012119
12502,16610012120
12503,16610012121
12504,16610012122
12505,16610012123
12506,16610012124
12507,16610012125
12508,16610012126
12509,16610012127
12510,16610012128
12511,16610012129
12512,16610012130
12513,16610012131
12514,16610012132
12515,16610012133
12516,16610012134
12517,16610012135
12518,16610012136
12519,16610012137
12520,16610012138
12521,16610012139
12522,16610012140
12523,16610012141
12524,16610012142
12525,16610012143
12526,16610012144
12527,16610012145
12528,16610012146
12529,16610012147
12530,16610012148
12531,16610012149
12532,16610012150
12533,16610012151
12534,16610012152
12535,16610012153
12536,16610012154
12537,16610012155
12538,16610012156
12539,16610012157
12540,16610012158
12541,16610012159
12542,16610012160
12543,16610012161
12544,16610012162
12545,16610012163
12546,16610012164
12547,16610012165
12548,16610012166
12549,16610012167
12550,16610012168
12551,16610012169
12552,16610012170
12553,16610012171
12554,16610012172
12555,16610012173
12556,16610012174
12557,16610012175
12558,16610012176
12559,16610012177
12560,16610012178
12561,16610012179
12562,16610012180
12563,16610012181
12564,16610012182
12565,16610012183
12566,16610012184
12567,16610012185
12568,16610012186
12569,16610012187
12570,16610012188
12571,16610012189
12572,16610012190
12573,16610012191
12574,16610012192
12575,16610012193
12576,16610012194
12577,16610012195
12578,16610012196
12579,16610012197
12580,16610012198
12581,16610012199
12582,16610012200
12583,16610012201
12584,16610012202
12585,16610012203
12586,16610012204
12587,16610012205
12588,16610012206
12589,16610012207
12590,16610012208
12591,16610012209
12592,16610012210
12593,16610012211
12594,16610012212
12595,16610012213
12596,16610012214
12597,16610012215
12598,16610012216
12599,16610012217
12600,16610012218
12601,16610012219
12602,16610012220
12603,16610012221
12604,16610012222
12605,16610012223
12606,16610012224
12607,16610012225
12608,16610012226
12609,16610012227
12610,16610012228
12611,16610012229
12612,16610012230
12613,16610012231
12614,16610012232
12615,16610012233
12616,16610012234
12617,16610012235
12618,16610012236
12619,16610012237
12620,16610012238
12621,16610012239
12622,16610012240
12623,16610012241
12624,16610012242
12625,16610012243
12626,16610012244
12627,16610012245
12628,16610012246
12629,16610012247
12630,16610012248
12631,16610012249
12632,16610012250
12633,16610012251
12634,16610012252
12635,16610012253
12636,16610012254
12637,16610012255
12638,16610012256
12639,16610012257
12640,16610012258
12641,16610012259
12642,16610012260
12643,16610012261
12644,16610012262
12645,16610012263
12646,16610012264
12647,16610012265
12648,16610012266
12649,16610012267
12650,16610012268
12651,16610012269
12652,16610012270
12653,16610012271
12654,16610012272
12655,16610012273
12656,16610012274
12657,16610012275
12658,16610012276
12659,16610012277
12660,16610012278
12661,16610012279
12662,16610012280
12663,16610012281
12664,16610012282
12665,16610012283
12666,16610012284
12667,16610012285
12668,16610012286
12669,16610012287
12670,16610012288
12671,16610012289
12672,16610012290
12673,16610012291
12674,16610012292
12675,16610012293
12676,16610012294
12677,16610012295
12678,16610012296
12679,16610012297
12680,16610012298
12681,16610012299
12682,16610012300
12683,16610012301
12684,16610012302
12685,16610012303
12686,16610012304
12687,16610012305
12688,16610012306
12689,16610012307
12690,16610012308
12691,16610012309
12692,16610012310
12693,16610012311
12694,16610012312
12695,16610012313
12696,16610012314
12697,16610012315
12698,16610012316
12699,16610012317
12700,16610012318
12701,16610012319
12702,16610012320
12703,16610012321
12704,16610012322
12705,16610012323
12706,16610012324
12707,16610012325
12708,16610012326
12709,16610012327
12710,16610012328
12711,16610012329
12712,16610012330
12713,16610012331
12714,16610012332
12715,16610012333
12716,16610012334
12717,16610012335
12718,16610012336
12719,16610012337
12720,16610012338
12721,16610012339
12722,16610012340
12723,16610012341
12724,16610012342
12725,16610012343
12726,16610012344
12727,16610012345
12728,16610012346
12729,16610012347
12730,16610012348
12731,16610012349
12732,16610012350
12733,16610012351
12734,16610012352
12735,16610012353
12736,16610012354
12737,16610012355
12738,16610012356
12739,16610012357
12740,16610012358
12741,16610012359
12742,16610012360
12743,16610012361
12744,16610012362
12745,16610012363
12746,16610012364
12747,16610012365
12748,16610012366
12749,16610012367
12750,16610012368
12751,16610012369
12752,16610012370
12753,16610012371
12754,16610012372
12755,16610012373
12756,16610012374
12757,16610012375
12758,16610012376
12759,16610012377
12760,16610012378
12761,16610012379
12762,16610012380
12763,16610012381
12764,16610012382
12765,16610012383
12766,16610012384
12767,16610012385
12768,16610012386
12769,16610012387
12770,16610012388
12771,16610012389
12772,16610012390
12773,16610012391
12774,16610012392
12775,16610012393
12776,16610012394
12777,16610012395
12778,16610012396
12779,16610012397
12780,16610012398
12781,16610012399
12782,16610012400
12783,16610012401
12784,16610012402
12785,16610012403
12786,16610012404
12787,16610012405
12788,16610012406
12789,16610012407
12790,16610012408
12791,16610012409
12792,16610012410
12793,16610012411
12794,16610012412
12795,16610012413
12796,16610012414
12797,16610012415
12798,16610012416
12799,16610012417
12800,16610012418
12801,16610012419
12802,16610012420
12803,16610012421
12804,16610012422
12805,16610012423
12806,16610012424
12807,16610012425
12808,16610012426
12809,16610012427
12810,16610012428
12811,16610012429
12812,16610012430
12813,16610012431
12814,16610012432
12815,16610012433
12816,16610012434
12817,16610012435
12818,16610012436
12819,16610012437
12820,16610012438
12821,16610012439
12822,16610012440
12823,16610012441
12824,16610012442
12825,16610012443
12826,16610012444
12827,16610012445
12828,16610012446
12829,16610012447
12830,16610012448
12831,16610012449
12832,16610012450
12833,16610012451
12834,16610012452
12835,16610012453
12836,16610012454
12837,16610012455
12838,16610012456
12839,16610012457
12840,16610012458
12841,16610012459
12842,16610012460
12843,16610012461
12844,16610012462
12845,16610012463
12846,16610012464
12847,16610012465
12848,16610012466
12849,16610012467
12850,16610012468
12851,16610012469
12852,16610012470
12853,16610012471
12854,16610012472
12855,16610012473
12856,16610012474
12857,16610012475
12858,16610012476
12859,16610012477
12860,16610012478
12861,16610012479
12862,16610012480
12863,16610012481
12864,16610012482
12865,16610012483
12866,16610012484
12867,16610012485
12868,16610012486
12869,16610012487
12870,16610012488
12871,16610012489
12872,16610012490
12873,16610012491
12874,16610012492
12875,16610012493
12876,16610012494
12877,16610012495
12878,16610012496
12879,16610012497
12880,16610012498
12881,16610012499
12882,16610012500
12883,16610012501
12884,16610012502
12885,16610012503
12886,16610012504
12887,16610012505
12888,16610012506
12889,16610012507
12890,16610012508
12891,16610012509
12892,16610012510
12893,16610012511
12894,16610012512
12895,16610012513
12896,16610012514
12897,16610012515
12898,16610012516
12899,16610012517
12900,16610012518
12901,16610012519
12902,16610012520
12903,16610012521
12904,16610012522
12905,16610012523
12906,16610012524
12907,16610012525
12908,16610012526
12909,16610012527
12910,16610012528
12911,16610012529
12912,16610012530
12913,16610012531
12914,16610012532
12915,16610012533
12916,16610012534
12917,16610012535
12918,16610012536
12919,16610012537
12920,16610012538
12921,16610012539
12922,16610012540
12923,16610012541
12924,16610012542
12925,16610012543
12926,16610012544
12927,16610012545
12928,16610012546
12929,16610012547
12930,16610012548
12931,16610012549
12932,16610012550
12933,16610012551
12934,16610012552
12935,16610012553
12936,16610012554
12937,16610012555
12938,16610012556
12939,16610012557
12940,16610012558
12941,16610012559
12942,16610012560
12943,16610012561
12944,16610012562
12945,16610012563
12946,16610012564
12947,16610012565
12948,16610012566
12949,16610012567
12950,16610012568
12951,16610012569
12952,16610012570
12953,16610012571
12954,16610012572
12955,16610012573
12956,16610012574
12957,16610012575
12958,16610012576
12959,16610012577
12960,16610012578
12961,16610012579
12962,16610012580
12963,16610012581
12964,16610012582
12965,16610012583
12966,16610012584
12967,16610012585
12968,16610012586
12969,16610012587
12970,16610012588
12971,16610012589
12972,16610012590
12973,16610012591
12974,16610012592
12975,16610012593
12976,16610012594
12977,16610012595
12978,16610012596
12979,16610012597
12980,16610012598
12981,16610012599
12982,16610012600
12983,16610012601
12984,16610012602
12985,16610012603
12986,16610012604
12987,16610012605
12988,16610012606
12989,16610012607
12990,16610012608
12991,16610012609
12992,16610012610
12993,16610012611
12994,16610012612
12995,16610012613
12996,16610012614
12997,16610012615
12998,16610012616
12999,16610012617
13000,16610012618
13001,16610012619
13002,16610012620
13003,16610012621
13004,16610012622
13005,16610012623
13006,16610012624
13007,16610012625
13008,16610012626
13009,16610012627
13010,16610012628
13011,16610012629
13012,16610012630
13013,16610012631
13014,16610012632
13015,16610012633
13016,16610012634
13017,16610012635
13018,16610012636
13019,16610012637
13020,16610012638
13021,16610012639
13022,16610012640
13023,16610012641
13024,16610012642
13025,16610012643
13026,16610012644
13027,16610012645
13028,16610012646
13029,16610012647
13030,16610012648
13031,16610012649
13032,16610012650
13033,16610012651
13034,16610012652
13035,16610012653
13036,16610012654
13037,16610012655
13038,16610012656
13039,16610012657
13040,16610012658
13041,16610012659
13042,16610012660
13043,16610012661
13044,16610012662
13045,16610012663
13046,16610012664
13047,16610012665
13048,16610012666
13049,16610012667
13050,16610012668
13051,16610012669
13052,16610012670
13053,16610012671
13054,16610012672
13055,16610012673
13056,16610012674
13057,16610012675
13058,16610012676
13059,16610012677
13060,16610012678
13061,16610012679
13062,16610012680
13063,16610012681
13064,16610012682
13065,16610012683
13066,16610012684
13067,16610012685
13068,16610012686
13069,16610012687
13070,16610012688
13071,16610012689
13072,16610012690
13073,16610012691
13074,16610012692
13075,16610012693
13076,16610012694
13077,16610012695
13078,16610012696
13079,16610012697
13080,16610012698
13081,16610012699
13082,16610012700
13083,16610012701
13084,16610012702
13085,16610012703
13086,16610012704
13087,16610012705
13088,16610012706
13089,16610012707
13090,16610012708
13091,16610012709
13092,16610012710
13093,16610012711
13094,16610012712
13095,16610012713
13096,16610012714
13097,16610012715
13098,16610012716
13099,16610012717
13100,16610012718
13101,16610012719
13102,16610012720
13103,16610012721
13104,16610012722
13105,16610012723
13106,16610012724
13107,16610012725
13108,16610012726
13109,16610012727
13110,16610012728
13111,16610012729
13112,16610012730
13113,16610012731
13114,16610012732
13115,16610012733
13116,16610012734
13117,16610012735
13118,16610012736
13119,16610012737
13120,16610012738
13121,16610012739
13122,16610012740
13123,16610012741
13124,16610012742
13125,16610012743
13126,16610012744
13127,16610012745
13128,16610012746
13129,16610012747
13130,16610012748
13131,16610012749
13132,16610012750
13133,16610012751
13134,16610012752
13135,16610012753
13136,16610012754
13137,16610012755
13138,16610012756
13139,16610012757
13140,16610012758
13141,16610012759
13142,16610012760
13143,16610012761
13144,16610012762
13145,16610012763
13146,16610012764
13147,16610012765
13148,16610012766
13149,16610012767
13150,16610012768
13151,16610012769
13152,16610012770
13153,16610012771
13154,16610012772
13155,16610012773
13156,16610012774
13157,16610012775
13158,16610012776
13159,16610012777
13160,16610012778
13161,16610012779
13162,16610012780
13163,16610012781
13164,16610012782
13165,16610012783
13166,16610012784
13167,16610012785
13168,16610012786
13169,16610012787
13170,16610012788
13171,16610012789
13172,16610012790
13173,16610012791
13174,16610012792
13175,16610012793
13176,16610012794
13177,16610012795
13178,16610012796
13179,16610012797
13180,16610012798
13181,16610012799
13182,16610012800
13183,16610012801
13184,16610012802
13185,16610012803
13186,16610012804
13187,16610012805
13188,16610012806
13189,16610012807
13190,16610012808
13191,16610012809
13192,16610012810
13193,16610012811
13194,16610012812
13195,16610012813
13196,16610012814
13197,16610012815
13198,16610012816
13199,16610012817
13200,16610012818
13201,16610012819
13202,16610012820
13203,16610012821
13204,16610012822
13205,16610012823
13206,16610012824
13207,16610012825
13208,16610012826
13209,16610012827
13210,16610012828
13211,16610012829
13212,16610012830
13213,16610012831
13214,16610012832
13215,16610012833
13216,16610012834
13217,16610012835
13218,16610012836
13219,16610012837
13220,16610012838
13221,16610012839
13222,16610012840
13223,16610012841
13224,16610012842
13225,16610012843
13226,16610012844
13227,16610012845
13228,16610012846
13229,16610012847
13230,16610012848
13231,16610012849
13232,16610012850
13233,16610012851
13234,16610012852
13235,16610012853
13236,16610012854
13237,16610012855
13238,16610012856
13239,16610012857
13240,16610012858
13241,16610012859
13242,16610012860
13243,16610012861
13244,16610012862
13245,16610012863
13246,16610012864
13247,16610012865
13248,16610012866
13249,16610012867
13250,16610012868
13251,16610012869
13252,16610012870
13253,16610012871
13254,16610012872
13255,16610012873
13256,16610012874
13257,16610012875
13258,16610012876
13259,16610012877
13260,16610012878
13261,16610012879
13262,16610012880
13263,16610012881
13264,16610012882
13265,16610012883
13266,16610012884
13267,16610012885
13268,16610012886
13269,16610012887
13270,16610012888
13271,16610012889
13272,16610012890
13273,16610012891
13274,16610012892
13275,16610012893
13276,16610012894
13277,16610012895
13278,16610012896
13279,16610012897
13280,16610012898
13281,16610012899
13282,16610012900
13283,16610012901
13284,16610012902
13285,16610012903
13286,16610012904
13287,16610012905
13288,16610012906
13289,16610012907
13290,16610012908
13291,16610012909
13292,16610012910
13293,16610012911
13294,16610012912
13295,16610012913
13296,16610012914
13297,16610012915
13298,16610012916
13299,16610012917
13300,16610012918
13301,16610012919
13302,16610012920
13303,16610012921
13304,16610012922
13305,16610012923
13306,16610012924
13307,16610012925
13308,16610012926
13309,16610012927
13310,16610012928
13311,16610012929
13312,16610012930
13313,16610012931
13314,16610012932
13315,16610012933
13316,16610012934
13317,16610012935
13318,16610012936
13319,16610012937
13320,16610012938
13321,16610012939
13322,16610012940
13323,16610012941
13324,16610012942
13325,16610012943
13326,16610012944
13327,16610012945
13328,16610012946
13329,16610012947
13330,16610012948
13331,16610012949
13332,16610012950
13333,16610012951
13334,16610012952
13335,16610012953
13336,16610012954
13337,16610012955
13338,16610012956
13339,16610012957
13340,16610012958
13341,16610012959
13342,16610012960
13343,16610012961
13344,16610012962
13345,16610012963
13346,16610012964
13347,16610012965
13348,16610012966
13349,16610012967
13350,16610012968
13351,16610012969
13352,16610012970
13353,16610012971
13354,16610012972
13355,16610012973
13356,16610012974
13357,16610012975
13358,16610012976
13359,16610012977
13360,16610012978
13361,16610012979
13362,16610012980
13363,16610012981
13364,16610012982
13365,16610012983
13366,16610012984
13367,16610012985
13368,16610012986
13369,16610012987
13370,16610012988
13371,16610012989
13372,16610012990
13373,16610012991
13374,16610012992
13375,16610012993
13376,16610012994
13377,16610012995
13378,16610012996
13379,16610012997
13380,16610012998
13381,16610012999
13382,16610013000
13383,16610013001
13384,16610013002
13385,16610013003
13386,16610013004
13387,16610013005
13388,16610013006
13389,16610013007
13390,16610013008
13391,16610013009
13392,16610013010
13393,16610013011
13394,16610013012
13395,16610013013
13396,16610013014
13397,16610013015
13398,16610013016
13399,16610013017
13400,16610013018
13401,16610013019
13402,16610013020
13403,16610013021
13404,16610013022
13405,16610013023
13406,16610013024
13407,16610013025
13408,16610013026
13409,16610013027
13410,16610013028
13411,16610013029
13412,16610013030
13413,16610013031
13414,16610013032
13415,16610013033
13416,16610013034
13417,16610013035
13418,16610013036
13419,16610013037
13420,16610013038
13421,16610013039
13422,16610013040
13423,16610013041
13424,16610013042
13425,16610013043
13426,16610013044
13427,16610013045
13428,16610013046
13429,16610013047
13430,16610013048
13431,16610013049
13432,16610013050
13433,16610013051
13434,16610013052
13435,16610013053
13436,16610013054
13437,16610013055
13438,16610013056
13439,16610013057
13440,16610013058
13441,16610013059
13442,16610013060
13443,16610013061
13444,16610013062
13445,16610013063
13446,16610013064
13447,16610013065
13448,16610013066
13449,16610013067
13450,16610013068
13451,16610013069
13452,16610013070
13453,16610013071
13454,16610013072
13455,16610013073
13456,16610013074
13457,16610013075
13458,16610013076
13459,16610013077
13460,16610013078
13461,16610013079
13462,16610013080
13463,16610013081
13464,16610013082
13465,16610013083
13466,16610013084
13467,16610013085
13468,16610013086
13469,16610013087
13470,16610013088
13471,16610013089
13472,16610013090
13473,16610013091
13474,16610013092
13475,16610013093
13476,16610013094
13477,16610013095
13478,16610013096
13479,16610013097
13480,16610013098
13481,16610013099
13482,16610013100
13483,16610013101
13484,16610013102
13485,16610013103
13486,16610013104
13487,16610013105
13488,16610013106
13489,16610013107
13490,16610013108
13491,16610013109
13492,16610013110
13493,16610013111
13494,16610013112
13495,16610013113
13496,16610013114
13497,16610013115
13498,16610013116
13499,16610013117
13500,16610013118
13501,16610013119
13502,16610013120
13503,16610013121
13504,16610013122
13505,16610013123
13506,16610013124
13507,16610013125
13508,16610013126
13509,16610013127
13510,16610013128
13511,16610013129
13512,16610013130
13513,16610013131
13514,16610013132
13515,16610013133
13516,16610013134
13517,16610013135
13518,16610013136
13519,16610013137
13520,16610013138
13521,16610013139
13522,16610013140
13523,16610013141
13524,16610013142
13525,16610013143
13526,16610013144
13527,16610013145
13528,16610013146
13529,16610013147
13530,16610013148
13531,16610013149
13532,16610013150
13533,16610013151
13534,16610013152
13535,16610013153
13536,16610013154
13537,16610013155
13538,16610013156
13539,16610013157
13540,16610013158
13541,16610013159
13542,16610013160
13543,16610013161
13544,16610013162
13545,16610013163
13546,16610013164
13547,16610013165
13548,16610013166
13549,16610013167
13550,16610013168
13551,16610013169
13552,16610013170
13553,16610013171
13554,16610013172
13555,16610013173
13556,16610013174
13557,16610013175
13558,16610013176
13559,16610013177
13560,16610013178
13561,16610013179
13562,16610013180
13563,16610013181
13564,16610013182
13565,16610013183
13566,16610013184
13567,16610013185
13568,16610013186
13569,16610013187
13570,16610013188
13571,16610013189
13572,16610013190
13573,16610013191
13574,16610013192
13575,16610013193
13576,16610013194
13577,16610013195
13578,16610013196
13579,16610013197
13580,16610013198
13581,16610013199
13582,16610013200
13583,16610013201
13584,16610013202
13585,16610013203
13586,16610013204
13587,16610013205
13588,16610013206
13589,16610013207
13590,16610013208
13591,16610013209
13592,16610013210
13593,16610013211
13594,16610013212
13595,16610013213
13596,16610013214
13597,16610013215
13598,16610013216
13599,16610013217
13600,16610013218
13601,16610013219
13602,16610013220
13603,16610013221
13604,16610013222
13605,16610013223
13606,16610013224
13607,16610013225
13608,16610013226
13609,16610013227
13610,16610013228
13611,16610013229
13612,16610013230
13613,16610013231
13614,16610013232
13615,16610013233
13616,16610013234
13617,16610013235
13618,16610013236
13619,16610013237
13620,16610013238
13621,16610013239
13622,16610013240
13623,16610013241
13624,16610013242
13625,16610013243
13626,16610013244
13627,16610013245
13628,16610013246
13629,16610013247
13630,16610013248
13631,16610013249
13632,16610013250
13633,16610013251
13634,16610013252
13635,16610013253
13636,16610013254
13637,16610013255
13638,16610013256
13639,16610013257
13640,16610013258
13641,16610013259
13642,16610013260
13643,16610013261
13644,16610013262
13645,16610013263
13646,16610013264
13647,16610013265
13648,16610013266
13649,16610013267
13650,16610013268
13651,16610013269
13652,16610013270
13653,16610013271
13654,16610013272
13655,16610013273
13656,16610013274
13657,16610013275
13658,16610013276
13659,16610013277
13660,16610013278
13661,16610013279
13662,16610013280
13663,16610013281
13664,16610013282
13665,16610013283
13666,16610013284
13667,16610013285
13668,16610013286
13669,16610013287
13670,16610013288
13671,16610013289
13672,16610013290
13673,16610013291
13674,16610013292
13675,16610013293
13676,16610013294
13677,16610013295
13678,16610013296
13679,16610013297
13680,16610013298
13681,16610013299
13682,16610013300
13683,16610013301
13684,16610013302
13685,16610013303
13686,16610013304
13687,16610013305
13688,16610013306
13689,16610013307
13690,16610013308
13691,16610013309
13692,16610013310
13693,16610013311
13694,16610013312
13695,16610013313
13696,16610013314
13697,16610013315
13698,16610013316
13699,16610013317
13700,16610013318
13701,16610013319
13702,16610013320
13703,16610013321
13704,16610013322
13705,16610013323
13706,16610013324
13707,16610013325
13708,16610013326
13709,16610013327
13710,16610013328
13711,16610013329
13712,16610013330
13713,16610013331
13714,16610013332
13715,16610013333
13716,16610013334
13717,16610013335
13718,16610013336
13719,16610013337
13720,16610013338
13721,16610013339
13722,16610013340
13723,16610013341
13724,16610013342
13725,16610013343
13726,16610013344
13727,16610013345
13728,16610013346
13729,16610013347
13730,16610013348
13731,16610013349
13732,16610013350
13733,16610013351
13734,16610013352
13735,16610013353
13736,16610013354
13737,16610013355
13738,16610013356
13739,16610013357
13740,16610013358
13741,16610013359
13742,16610013360
13743,16610013361
13744,16610013362
13745,16610013363
13746,16610013364
13747,16610013365
13748,16610013366
13749,16610013367
13750,16610013368
13751,16610013369
13752,16610013370
13753,16610013371
13754,16610013372
13755,16610013373
13756,16610013374
13757,16610013375
13758,16610013376
13759,16610013377
13760,16610013378
13761,16610013379
13762,16610013380
13763,16610013381
13764,16610013382
13765,16610013383
13766,16610013384
13767,16610013385
13768,16610013386
13769,16610013387
13770,16610013388
13771,16610013389
13772,16610013390
13773,16610013391
13774,16610013392
13775,16610013393
13776,16610013394
13777,16610013395
13778,16610013396
13779,16610013397
13780,16610013398
13781,16610013399
13782,16610013400
13783,16610013401
13784,16610013402
13785,16610013403
13786,16610013404
13787,16610013405
13788,16610013406
13789,16610013407
13790,16610013408
13791,16610013409
13792,16610013410
13793,16610013411
13794,16610013412
13795,16610013413
13796,16610013414
13797,16610013415
13798,16610013416
13799,16610013417
13800,16610013418
13801,16610013419
13802,16610013420
13803,16610013421
13804,16610013422
13805,16610013423
13806,16610013424
13807,16610013425
13808,16610013426
13809,16610013427
13810,16610013428
13811,16610013429
13812,16610013430
13813,16610013431
13814,16610013432
13815,16610013433
13816,16610013434
13817,16610013435
13818,16610013436
13819,16610013437
13820,16610013438
13821,16610013439
13822,16610013440
13823,16610013441
13824,16610013442
13825,16610013443
13826,16610013444
13827,16610013445
13828,16610013446
13829,16610013447
13830,16610013448
13831,16610013449
13832,16610013450
13833,16610013451
13834,16610013452
13835,16610013453
13836,16610013454
13837,16610013455
13838,16610013456
13839,16610013457
13840,16610013458
13841,16610013459
13842,16610013460
13843,16610013461
13844,16610013462
13845,16610013463
13846,16610013464
13847,16610013465
13848,16610013466
13849,16610013467
13850,16610013468
13851,16610013469
13852,16610013470
13853,16610013471
13854,16610013472
13855,16610013473
13856,16610013474
13857,16610013475
13858,16610013476
13859,16610013477
13860,16610013478
13861,16610013479
13862,16610013480
13863,16610013481
13864,16610013482
13865,16610013483
13866,16610013484
13867,16610013485
13868,16610013486
13869,16610013487
13870,16610013488
13871,16610013489
13872,16610013490
13873,16610013491
13874,16610013492
13875,16610013493
13876,16610013494
13877,16610013495
13878,16610013496
13879,16610013497
13880,16610013498
13881,16610013499
13882,16610013500
13883,16610013501
13884,16610013502
13885,16610013503
13886,16610013504
13887,16610013505
13888,16610013506
13889,16610013507
13890,16610013508
13891,16610013509
13892,16610013510
13893,16610013511
13894,16610013512
13895,16610013513
13896,16610013514
13897,16610013515
13898,16610013516
13899,16610013517
13900,16610013518
13901,16610013519
13902,16610013520
13903,16610013521
13904,16610013522
13905,16610013523
13906,16610013524
13907,16610013525
13908,16610013526
13909,16610013527
13910,16610013528
13911,16610013529
13912,16610013530
13913,16610013531
13914,16610013532
13915,16610013533
13916,16610013534
13917,16610013535
13918,16610013536
13919,16610013537
13920,16610013538
13921,16610013539
13922,16610013540
13923,16610013541
13924,16610013542
13925,16610013543
13926,16610013544
13927,16610013545
13928,16610013546
13929,16610013547
13930,16610013548
13931,16610013549
13932,16610013550
13933,16610013551
13934,16610013552
13935,16610013553
13936,16610013554
13937,16610013555
13938,16610013556
13939,16610013557
13940,16610013558
13941,16610013559
13942,16610013560
13943,16610013561
13944,16610013562
13945,16610013563
13946,16610013564
13947,16610013565
13948,16610013566
13949,16610013567
13950,16610013568
13951,16610013569
13952,16610013570
13953,16610013571
13954,16610013572
13955,16610013573
13956,16610013574
13957,16610013575
13958,16610013576
13959,16610013577
13960,16610013578
13961,16610013579
13962,16610013580
13963,16610013581
13964,16610013582
13965,16610013583
13966,16610013584
13967,16610013585
13968,16610013586
13969,16610013587
13970,16610013588
13971,16610013589
13972,16610013590
13973,16610013591
13974,16610013592
13975,16610013593
13976,16610013594
13977,16610013595
13978,16610013596
13979,16610013597
13980,16610013598
13981,16610013599
13982,16610013600
13983,16610013601
13984,16610013602
13985,16610013603
13986,16610013604
13987,16610013605
13988,16610013606
13989,16610013607
13990,16610013608
13991,16610013609
13992,16610013610
13993,16610013611
13994,16610013612
13995,16610013613
13996,16610013614
13997,16610013615
13998,16610013616
13999,16610013617
14000,16610013618
14001,16610013619
14002,16610013620
14003,16610013621
14004,16610013622
14005,16610013623
14006,16610013624
14007,16610013625
14008,16610013626
14009,16610013627
14010,16610013628
14011,16610013629
14012,16610013630
14013,16610013631
14014,16610013632
14015,16610013633
14016,16610013634
14017,16610013635
14018,16610013636
14019,16610013637
14020,16610013638
14021,16610013639
14022,16610013640
14023,16610013641
14024,16610013642
14025,16610013643
14026,16610013644
14027,16610013645
14028,16610013646
14029,16610013647
14030,16610013648
14031,16610013649
14032,16610013650
14033,16610013651
14034,16610013652
14035,16610013653
14036,16610013654
14037,16610013655
14038,16610013656
14039,16610013657
14040,16610013658
14041,16610013659
14042,16610013660
14043,16610013661
14044,16610013662
14045,16610013663
14046,16610013664
14047,16610013665
14048,16610013666
14049,16610013667
14050,16610013668
14051,16610013669
14052,16610013670
14053,16610013671
14054,16610013672
14055,16610013673
14056,16610013674
14057,16610013675
14058,16610013676
14059,16610013677
14060,16610013678
14061,16610013679
14062,16610013680
14063,16610013681
14064,16610013682
14065,16610013683
14066,16610013684
14067,16610013685
14068,16610013686
14069,16610013687
14070,16610013688
14071,16610013689
14072,16610013690
14073,16610013691
14074,16610013692
14075,16610013693
14076,16610013694
14077,16610013695
14078,16610013696
14079,16610013697
14080,16610013698
14081,16610013699
14082,16610013700
14083,16610013701
14084,16610013702
14085,16610013703
14086,16610013704
14087,16610013705
14088,16610013706
14089,16610013707
14090,16610013708
14091,16610013709
14092,16610013710
14093,16610013711
14094,16610013712
14095,16610013713
14096,16610013714
14097,16610013715
14098,16610013716
14099,16610013717
14100,16610013718
14101,16610013719
14102,16610013720
14103,16610013721
14104,16610013722
14105,16610013723
14106,16610013724
14107,16610013725
14108,16610013726
14109,16610013727
14110,16610013728
14111,16610013729
14112,16610013730
14113,16610013731
14114,16610013732
14115,16610013733
14116,16610013734
14117,16610013735
14118,16610013736
14119,16610013737
14120,16610013738
14121,16610013739
14122,16610013740
14123,16610013741
14124,16610013742
14125,16610013743
14126,16610013744
14127,16610013745
14128,16610013746
14129,16610013747
14130,16610013748
14131,16610013749
14132,16610013750
14133,16610013751
14134,16610013752
14135,16610013753
14136,16610013754
14137,16610013755
14138,16610013756
14139,16610013757
14140,16610013758
14141,16610013759
14142,16610013760
14143,16610013761
14144,16610013762
14145,16610013763
14146,16610013764
14147,16610013765
14148,16610013766
14149,16610013767
14150,16610013768
14151,16610013769
14152,16610013770
14153,16610013771
14154,16610013772
14155,16610013773
14156,16610013774
14157,16610013775
14158,16610013776
14159,16610013777
14160,16610013778
14161,16610013779
14162,16610013780
14163,16610013781
14164,16610013782
14165,16610013783
14166,16610013784
14167,16610013785
14168,16610013786
14169,16610013787
14170,16610013788
14171,16610013789
14172,16610013790
14173,16610013791
14174,16610013792
14175,16610013793
14176,16610013794
14177,16610013795
14178,16610013796
14179,16610013797
14180,16610013798
14181,16610013799
14182,16610013800
14183,16610013801
14184,16610013802
14185,16610013803
14186,16610013804
14187,16610013805
14188,16610013806
14189,16610013807
14190,16610013808
14191,16610013809
14192,16610013810
14193,16610013811
14194,16610013812
14195,16610013813
14196,16610013814
14197,16610013815
14198,16610013816
14199,16610013817
14200,16610013818
14201,16610013819
14202,16610013820
14203,16610013821
14204,16610013822
14205,16610013823
14206,16610013824
14207,16610013825
14208,16610013826
14209,16610013827
14210,16610013828
14211,16610013829
14212,16610013830
14213,16610013831
14214,16610013832
14215,16610013833
14216,16610013834
14217,16610013835
14218,16610013836
14219,16610013837
14220,16610013838
14221,16610013839
14222,16610013840
14223,16610013841
14224,16610013842
14225,16610013843
14226,16610013844
14227,16610013845
14228,16610013846
14229,16610013847
14230,16610013848
14231,16610013849
14232,16610013850
14233,16610013851
14234,16610013852
14235,16610013853
14236,16610013854
14237,16610013855
14238,16610013856
14239,16610013857
14240,16610013858
14241,16610013859
14242,16610013860
14243,16610013861
14244,16610013862
14245,16610013863
14246,16610013864
14247,16610013865
14248,16610013866
14249,16610013867
14250,16610013868
14251,16610013869
14252,16610013870
14253,16610013871
14254,16610013872
14255,16610013873
14256,16610013874
14257,16610013875
14258,16610013876
14259,16610013877
14260,16610013878
14261,16610013879
14262,16610013880
14263,16610013881
14264,16610013882
14265,16610013883
14266,16610013884
14267,16610013885
14268,16610013886
14269,16610013887
14270,16610013888
14271,16610013889
14272,16610013890
14273,16610013891
14274,16610013892
14275,16610013893
14276,16610013894
14277,16610013895
14278,16610013896
14279,16610013897
14280,16610013898
14281,16610013899
14282,16610013900
14283,16610013901
14284,16610013902
14285,16610013903
14286,16610013904
14287,16610013905
14288,16610013906
14289,16610013907
14290,16610013908
14291,16610013909
14292,16610013910
14293,16610013911
14294,16610013912
14295,16610013913
14296,16610013914
14297,16610013915
14298,16610013916
14299,16610013917
14300,16610013918
14301,16610013919
14302,16610013920
14303,16610013921
14304,16610013922
14305,16610013923
14306,16610013924
14307,16610013925
14308,16610013926
14309,16610013927
14310,16610013928
14311,16610013929
14312,16610013930
14313,16610013931
14314,16610013932
14315,16610013933
14316,16610013934
14317,16610013935
14318,16610013936
14319,16610013937
14320,16610013938
14321,16610013939
14322,16610013940
14323,16610013941
14324,16610013942
14325,16610013943
14326,16610013944
14327,16610013945
14328,16610013946
14329,16610013947
14330,16610013948
14331,16610013949
14332,16610013950
14333,16610013951
14334,16610013952
14335,16610013953
14336,16610013954
14337,16610013955
14338,16610013956
14339,16610013957
14340,16610013958
14341,16610013959
14342,16610013960
14343,16610013961
14344,16610013962
14345,16610013963
14346,16610013964
14347,16610013965
14348,16610013966
14349,16610013967
14350,16610013968
14351,16610013969
14352,16610013970
14353,16610013971
14354,16610013972
14355,16610013973
14356,16610013974
14357,16610013975
14358,16610013976
14359,16610013977
14360,16610013978
14361,16610013979
14362,16610013980
14363,16610013981
14364,16610013982
14365,16610013983
14366,16610013984
14367,16610013985
14368,16610013986
14369,16610013987
14370,16610013988
14371,16610013989
14372,16610013990
14373,16610013991
14374,16610013992
14375,16610013993
14376,16610013994
14377,16610013995
14378,16610013996
14379,16610013997
14380,16610013998
14381,16610013999
14382,16610014000
14383,16610014001
14384,16610014002
14385,16610014003
14386,16610014004
14387,16610014005
14388,16610014006
14389,16610014007
14390,16610014008
14391,16610014009
14392,16610014010
14393,16610014011
14394,16610014012
14395,16610014013
14396,16610014014
14397,16610014015
14398,16610014016
14399,16610014017
14400,16610014018
14401,16610014019
14402,16610014020
14403,16610014021
14404,16610014022
14405,16610014023
14406,16610014024
14407,16610014025
14408,16610014026
14409,16610014027
14410,16610014028
14411,16610014029
14412,16610014030
14413,16610014031
14414,16610014032
14415,16610014033
14416,16610014034
14417,16610014035
14418,16610014036
14419,16610014037
14420,16610014038
14421,16610014039
14422,16610014040
14423,16610014041
14424,16610014042
14425,16610014043
14426,16610014044
14427,16610014045
14428,16610014046
14429,16610014047
14430,16610014048
14431,16610014049
14432,16610014050
14433,16610014051
14434,16610014052
14435,16610014053
14436,16610014054
14437,16610014055
14438,16610014056
14439,16610014057
14440,16610014058
14441,16610014059
14442,16610014060
14443,16610014061
14444,16610014062
14445,16610014063
14446,16610014064
14447,16610014065
14448,16610014066
14449,16610014067
14450,16610014068
14451,16610014069
14452,16610014070
14453,16610014071
14454,16610014072
14455,16610014073
14456,16610014074
14457,16610014075
14458,16610014076
14459,16610014077
14460,16610014078
14461,16610014079
14462,16610014080
14463,16610014081
14464,16610014082
14465,16610014083
14466,16610014084
14467,16610014085
14468,16610014086
14469,16610014087
14470,16610014088
14471,16610014089
14472,16610014090
14473,16610014091
14474,16610014092
14475,16610014093
14476,16610014094
14477,16610014095
14478,16610014096
14479,16610014097
14480,16610014098
14481,16610014099
14482,16610014100
14483,16610014101
14484,16610014102
14485,16610014103
14486,16610014104
14487,16610014105
14488,16610014106
14489,16610014107
14490,16610014108
14491,16610014109
14492,16610014110
14493,16610014111
14494,16610014112
14495,16610014113
14496,16610014114
14497,16610014115
14498,16610014116
14499,16610014117
14500,16610014118
14501,16610014119
14502,16610014120
14503,16610014121
14504,16610014122
14505,16610014123
14506,16610014124
14507,16610014125
14508,16610014126
14509,16610014127
14510,16610014128
14511,16610014129
14512,16610014130
14513,16610014131
14514,16610014132
14515,16610014133
14516,16610014134
14517,16610014135
14518,16610014136
14519,16610014137
14520,16610014138
14521,16610014139
14522,16610014140
14523,16610014141
14524,16610014142
14525,16610014143
14526,16610014144
14527,16610014145
14528,16610014146
14529,16610014147
14530,16610014148
14531,16610014149
14532,16610014150
14533,16610014151
14534,16610014152
14535,16610014153
14536,16610014154
14537,16610014155
14538,16610014156
14539,16610014157
14540,16610014158
14541,16610014159
14542,16610014160
14543,16610014161
14544,16610014162
14545,16610014163
14546,16610014164
14547,16610014165
14548,16610014166
14549,16610014167
14550,16610014168
14551,16610014169
14552,16610014170
14553,16610014171
14554,16610014172
14555,16610014173
14556,16610014174
14557,16610014175
14558,16610014176
14559,16610014177
14560,16610014178
14561,16610014179
14562,16610014180
14563,16610014181
14564,16610014182
14565,16610014183
14566,16610014184
14567,16610014185
14568,16610014186
14569,16610014187
14570,16610014188
14571,16610014189
14572,16610014190
14573,16610014191
14574,16610014192
14575,16610014193
14576,16610014194
14577,16610014195
14578,16610014196
14579,16610014197
14580,16610014198
14581,16610014199
14582,16610014200
14583,16610014201
14584,16610014202
14585,16610014203
14586,16610014204
14587,16610014205
14588,16610014206
14589,16610014207
14590,16610014208
14591,16610014209
14592,16610014210
14593,16610014211
14594,16610014212
14595,16610014213
14596,16610014214
14597,16610014215
14598,16610014216
14599,16610014217
14600,16610014218
14601,16610014219
14602,16610014220
14603,16610014221
14604,16610014222
14605,16610014223
14606,16610014224
14607,16610014225
14608,16610014226
14609,16610014227
14610,16610014228
14611,16610014229
14612,16610014230
14613,16610014231
14614,16610014232
14615,16610014233
14616,16610014234
14617,16610014235
14618,16610014236
14619,16610014237
14620,16610014238
14621,16610014239
14622,16610014240
14623,16610014241
14624,16610014242
14625,16610014243
14626,16610014244
14627,16610014245
14628,16610014246
14629,16610014247
14630,16610014248
14631,16610014249
14632,16610014250
14633,16610014251
14634,16610014252
14635,16610014253
14636,16610014254
14637,16610014255
14638,16610014256
14639,16610014257
14640,16610014258
14641,16610014259
14642,16610014260
14643,16610014261
14644,16610014262
14645,16610014263
14646,16610014264
14647,16610014265
14648,16610014266
14649,16610014267
14650,16610014268
14651,16610014269
14652,16610014270
14653,16610014271
14654,16610014272
14655,16610014273
14656,16610014274
14657,16610014275
14658,16610014276
14659,16610014277
14660,16610014278
14661,16610014279
14662,16610014280
14663,16610014281
14664,16610014282
14665,16610014283
14666,16610014284
14667,16610014285
14668,16610014286
14669,16610014287
14670,16610014288
14671,16610014289
14672,16610014290
14673,16610014291
14674,16610014292
14675,16610014293
14676,16610014294
14677,16610014295
14678,16610014296
14679,16610014297
14680,16610014298
14681,16610014299
14682,16610014300
14683,16610014301
14684,16610014302
14685,16610014303
14686,16610014304
14687,16610014305
14688,16610014306
14689,16610014307
14690,16610014308
14691,16610014309
14692,16610014310
14693,16610014311
14694,16610014312
14695,16610014313
14696,16610014314
14697,16610014315
14698,16610014316
14699,16610014317
14700,16610014318
14701,16610014319
14702,16610014320
14703,16610014321
14704,16610014322
14705,16610014323
14706,16610014324
14707,16610014325
14708,16610014326
14709,16610014327
14710,16610014328
14711,16610014329
14712,16610014330
14713,16610014331
14714,16610014332
14715,16610014333
14716,16610014334
14717,16610014335
14718,16610014336
14719,16610014337
14720,16610014338
14721,16610014339
14722,16610014340
14723,16610014341
14724,16610014342
14725,16610014343
14726,16610014344
14727,16610014345
14728,16610014346
14729,16610014347
14730,16610014348
14731,16610014349
14732,16610014350
14733,16610014351
14734,16610014352
14735,16610014353
14736,16610014354
14737,16610014355
14738,16610014356
14739,16610014357
14740,16610014358
14741,16610014359
14742,16610014360
14743,16610014361
14744,16610014362
14745,16610014363
14746,16610014364
14747,16610014365
14748,16610014366
14749,16610014367
14750,16610014368
14751,16610014369
14752,16610014370
14753,16610014371
14754,16610014372
14755,16610014373
14756,16610014374
14757,16610014375
14758,16610014376
14759,16610014377
14760,16610014378
14761,16610014379
14762,16610014380
14763,16610014381
14764,16610014382
14765,16610014383
14766,16610014384
14767,16610014385
14768,16610014386
14769,16610014387
14770,16610014388
14771,16610014389
14772,16610014390
14773,16610014391
14774,16610014392
14775,16610014393
14776,16610014394
14777,16610014395
14778,16610014396
14779,16610014397
14780,16610014398
14781,16610014399
14782,16610014400
14783,16610014401
14784,16610014402
14785,16610014403
14786,16610014404
14787,16610014405
14788,16610014406
14789,16610014407
14790,16610014408
14791,16610014409
14792,16610014410
14793,16610014411
14794,16610014412
14795,16610014413
14796,16610014414
14797,16610014415
14798,16610014416
14799,16610014417
14800,16610014418
14801,16610014419
14802,16610014420
14803,16610014421
14804,16610014422
14805,16610014423
14806,16610014424
14807,16610014425
14808,16610014426
14809,16610014427
14810,16610014428
14811,16610014429
14812,16610014430
14813,16610014431
14814,16610014432
14815,16610014433
14816,16610014434
14817,16610014435
14818,16610014436
14819,16610014437
14820,16610014438
14821,16610014439
14822,16610014440
14823,16610014441
14824,16610014442
14825,16610014443
14826,16610014444
14827,16610014445
14828,16610014446
14829,16610014447
14830,16610014448
14831,16610014449
14832,16610014450
14833,16610014451
14834,16610014452
14835,16610014453
14836,16610014454
14837,16610014455
14838,16610014456
14839,16610014457
14840,16610014458
14841,16610014459
14842,16610014460
14843,16610014461
14844,16610014462
14845,16610014463
14846,16610014464
14847,16610014465
14848,16610014466
14849,16610014467
14850,16610014468
14851,16610014469
14852,16610014470
14853,16610014471
14854,16610014472
14855,16610014473
14856,16610014474
14857,16610014475
14858,16610014476
14859,16610014477
14860,16610014478
14861,16610014479
14862,16610014480
14863,16610014481
14864,16610014482
14865,16610014483
14866,16610014484
14867,16610014485
14868,16610014486
14869,16610014487
14870,16610014488
14871,16610014489
14872,16610014490
14873,16610014491
14874,16610014492
14875,16610014493
14876,16610014494
14877,16610014495
14878,16610014496
14879,16610014497
14880,16610014498
14881,16610014499
14882,16610014500
14883,16610014501
14884,16610014502
14885,16610014503
14886,16610014504
14887,16610014505
14888,16610014506
14889,16610014507
14890,16610014508
14891,16610014509
14892,16610014510
14893,16610014511
14894,16610014512
14895,16610014513
14896,16610014514
14897,16610014515
14898,16610014516
14899,16610014517
14900,16610014518
14901,16610014519
14902,16610014520
14903,16610014521
14904,16610014522
14905,16610014523
14906,16610014524
14907,16610014525
14908,16610014526
14909,16610014527
14910,16610014528
14911,16610014529
14912,16610014530
14913,16610014531
14914,16610014532
14915,16610014533
14916,16610014534
14917,16610014535
14918,16610014536
14919,16610014537
14920,16610014538
14921,16610014539
14922,16610014540
14923,16610014541
14924,16610014542
14925,16610014543
14926,16610014544
14927,16610014545
14928,16610014546
14929,16610014547
14930,16610014548
14931,16610014549
14932,16610014550
14933,16610014551
14934,16610014552
14935,16610014553
14936,16610014554
14937,16610014555
14938,16610014556
14939,16610014557
14940,16610014558
14941,16610014559
14942,16610014560
14943,16610014561
14944,16610014562
14945,16610014563
14946,16610014564
14947,16610014565
14948,16610014566
14949,16610014567
14950,16610014568
14951,16610014569
14952,16610014570
14953,16610014571
14954,16610014572
14955,16610014573
14956,16610014574
14957,16610014575
14958,16610014576
14959,16610014577
14960,16610014578
14961,16610014579
14962,16610014580
14963,16610014581
14964,16610014582
14965,16610014583
14966,16610014584
14967,16610014585
14968,16610014586
14969,16610014587
14970,16610014588
14971,16610014589
14972,16610014590
14973,16610014591
14974,16610014592
14975,16610014593
14976,16610014594
14977,16610014595
14978,16610014596
14979,16610014597
14980,16610014598
14981,16610014599
14982,16610014600
14983,16610014601
14984,16610014602
14985,16610014603
14986,16610014604
14987,16610014605
14988,16610014606
14989,16610014607
14990,16610014608
14991,16610014609
14992,16610014610
14993,16610014611
14994,16610014612
14995,16610014613
14996,16610014614
14997,16610014615
14998,16610014616
14999,16610014617
15000,16610014618
15001,16610014619
15002,16610014620
15003,16610014621
15004,16610014622
15005,16610014623
15006,16610014624
15007,16610014625
15008,16610014626
15009,16610014627
15010,16610014628
15011,16610014629
15012,16610014630
15013,16610014631
15014,16610014632
15015,16610014633
15016,16610014634
15017,16610014635
15018,16610014636
15019,16610014637
15020,16610014638
15021,16610014639
15022,16610014640
15023,16610014641
15024,16610014642
15025,16610014643
15026,16610014644
15027,16610014645
15028,16610014646
15029,16610014647
15030,16610014648
15031,16610014649
15032,16610014650
15033,16610014651
15034,16610014652
15035,16610014653
15036,16610014654
15037,16610014655
15038,16610014656
15039,16610014657
15040,16610014658
15041,16610014659
15042,16610014660
15043,16610014661
15044,16610014662
15045,16610014663
15046,16610014664
15047,16610014665
15048,16610014666
15049,16610014667
15050,16610014668
15051,16610014669
15052,16610014670
15053,16610014671
15054,16610014672
15055,16610014673
15056,16610014674
15057,16610014675
15058,16610014676
15059,16610014677
15060,16610014678
15061,16610014679
15062,16610014680
15063,16610014681
15064,16610014682
15065,16610014683
15066,16610014684
15067,16610014685
15068,16610014686
15069,16610014687
15070,16610014688
15071,16610014689
15072,16610014690
15073,16610014691
15074,16610014692
15075,16610014693
15076,16610014694
15077,16610014695
15078,16610014696
15079,16610014697
15080,16610014698
15081,16610014699
15082,16610014700
15083,16610014701
15084,16610014702
15085,16610014703
15086,16610014704
15087,16610014705
15088,16610014706
15089,16610014707
15090,16610014708
15091,16610014709
15092,16610014710
15093,16610014711
15094,16610014712
15095,16610014713
15096,16610014714
15097,16610014715
15098,16610014716
15099,16610014717
15100,16610014718
15101,16610014719
15102,16610014720
15103,16610014721
15104,16610014722
15105,16610014723
15106,16610014724
15107,16610014725
15108,16610014726
15109,16610014727
15110,16610014728
15111,16610014729
15112,16610014730
15113,16610014731
15114,16610014732
15115,16610014733
15116,16610014734
15117,16610014735
15118,16610014736
15119,16610014737
15120,16610014738
15121,16610014739
15122,16610014740
15123,16610014741
15124,16610014742
15125,16610014743
15126,16610014744
15127,16610014745
15128,16610014746
15129,16610014747
15130,16610014748
15131,16610014749
15132,16610014750
15133,16610014751
15134,16610014752
15135,16610014753
15136,16610014754
15137,16610014755
15138,16610014756
15139,16610014757
15140,16610014758
15141,16610014759
15142,16610014760
15143,16610014761
15144,16610014762
15145,16610014763
15146,16610014764
15147,16610014765
15148,16610014766
15149,16610014767
15150,16610014768
15151,16610014769
15152,16610014770
15153,16610014771
15154,16610014772
15155,16610014773
15156,16610014774
15157,16610014775
15158,16610014776
15159,16610014777
15160,16610014778
15161,16610014779
15162,16610014780
15163,16610014781
15164,16610014782
15165,16610014783
15166,16610014784
15167,16610014785
15168,16610014786
15169,16610014787
15170,16610014788
15171,16610014789
15172,16610014790
15173,16610014791
15174,16610014792
15175,16610014793
15176,16610014794
15177,16610014795
15178,16610014796
15179,16610014797
15180,16610014798
15181,16610014799
15182,16610014800
15183,16610014801
15184,16610014802
15185,16610014803
15186,16610014804
15187,16610014805
15188,16610014806
15189,16610014807
15190,16610014808
15191,16610014809
15192,16610014810
15193,16610014811
15194,16610014812
15195,16610014813
15196,16610014814
15197,16610014815
15198,16610014816
15199,16610014817
15200,16610014818
15201,16610014819
15202,16610014820
15203,16610014821
15204,16610014822
15205,16610014823
15206,16610014824
15207,16610014825
15208,16610014826
15209,16610014827
15210,16610014828
15211,16610014829
15212,16610014830
15213,16610014831
15214,16610014832
15215,16610014833
15216,16610014834
15217,16610014835
15218,16610014836
15219,16610014837
15220,16610014838
15221,16610014839
15222,16610014840
15223,16610014841
15224,16610014842
15225,16610014843
15226,16610014844
15227,16610014845
15228,16610014846
15229,16610014847
15230,16610014848
15231,16610014849
15232,16610014850
15233,16610014851
15234,16610014852
15235,16610014853
15236,16610014854
15237,16610014855
15238,16610014856
15239,16610014857
15240,16610014858
15241,16610014859
15242,16610014860
15243,16610014861
15244,16610014862
15245,16610014863
15246,16610014864
15247,16610014865
15248,16610014866
15249,16610014867
15250,16610014868
15251,16610014869
15252,16610014870
15253,16610014871
15254,16610014872
15255,16610014873
15256,16610014874
15257,16610014875
15258,16610014876
15259,16610014877
15260,16610014878
15261,16610014879
15262,16610014880
15263,16610014881
15264,16610014882
15265,16610014883
15266,16610014884
15267,16610014885
15268,16610014886
15269,16610014887
15270,16610014888
15271,16610014889
15272,16610014890
15273,16610014891
15274,16610014892
15275,16610014893
15276,16610014894
15277,16610014895
15278,16610014896
15279,16610014897
15280,16610014898
15281,16610014899
15282,16610014900
15283,16610014901
15284,16610014902
15285,16610014903
15286,16610014904
15287,16610014905
15288,16610014906
15289,16610014907
15290,16610014908
15291,16610014909
15292,16610014910
15293,16610014911
15294,16610014912
15295,16610014913
15296,16610014914
15297,16610014915
15298,16610014916
15299,16610014917
15300,16610014918
15301,16610014919
15302,16610014920
15303,16610014921
15304,16610014922
15305,16610014923
15306,16610014924
15307,16610014925
15308,16610014926
15309,16610014927
15310,16610014928
15311,16610014929
15312,16610014930
15313,16610014931
15314,16610014932
15315,16610014933
15316,16610014934
15317,16610014935
15318,16610014936
15319,16610014937
15320,16610014938
15321,16610014939
15322,16610014940
15323,16610014941
15324,16610014942
15325,16610014943
15326,16610014944
15327,16610014945
15328,16610014946
15329,16610014947
15330,16610014948
15331,16610014949
15332,16610014950
15333,16610014951
15334,16610014952
15335,16610014953
15336,16610014954
15337,16610014955
15338,16610014956
15339,16610014957
15340,16610014958
15341,16610014959
15342,16610014960
15343,16610014961
15344,16610014962
15345,16610014963
15346,16610014964
15347,16610014965
15348,16610014966
15349,16610014967
15350,16610014968
15351,16610014969
15352,16610014970
15353,16610014971
15354,16610014972
15355,16610014973
15356,16610014974
15357,16610014975
15358,16610014976
15359,16610014977
15360,16610014978
15361,16610014979
15362,16610014980
15363,16610014981
15364,16610014982
15365,16610014983
15366,16610014984
15367,16610014985
15368,16610014986
15369,16610014987
15370,16610014988
15371,16610014989
15372,16610014990
15373,16610014991
15374,16610014992
15375,16610014993
15376,16610014994
15377,16610014995
15378,16610014996
15379,16610014997
15380,16610014998
15381,16610014999
15382,16610015000
15383,16610015001
15384,16610015002
15385,16610015003
15386,16610015004
15387,16610015005
15388,16610015006
15389,16610015007
15390,16610015008
15391,16610015009
15392,16610015010
15393,16610015011
15394,16610015012
15395,16610015013
15396,16610015014
15397,16610015015
15398,16610015016
15399,16610015017
15400,16610015018
15401,16610015019
15402,16610015020
15403,16610015021
15404,16610015022
15405,16610015023
15406,16610015024
15407,16610015025
15408,16610015026
15409,16610015027
15410,16610015028
15411,16610015029
15412,16610015030
15413,16610015031
15414,16610015032
15415,16610015033
15416,16610015034
15417,16610015035
15418,16610015036
15419,16610015037
15420,16610015038
15421,16610015039
15422,16610015040
15423,16610015041
15424,16610015042
15425,16610015043
15426,16610015044
15427,16610015045
15428,16610015046
15429,16610015047
15430,16610015048
15431,16610015049
15432,16610015050
15433,16610015051
15434,16610015052
15435,16610015053
15436,16610015054
15437,16610015055
15438,16610015056
15439,16610015057
15440,16610015058
15441,16610015059
15442,16610015060
15443,16610015061
15444,16610015062
15445,16610015063
15446,16610015064
15447,16610015065
15448,16610015066
15449,16610015067
15450,16610015068
15451,16610015069
15452,16610015070
15453,16610015071
15454,16610015072
15455,16610015073
15456,16610015074
15457,16610015075
15458,16610015076
15459,16610015077
15460,16610015078
15461,16610015079
15462,16610015080
15463,16610015081
15464,16610015082
15465,16610015083
15466,16610015084
15467,16610015085
15468,16610015086
15469,16610015087
15470,16610015088
15471,16610015089
15472,16610015090
15473,16610015091
15474,16610015092
15475,16610015093
15476,16610015094
15477,16610015095
15478,16610015096
15479,16610015097
15480,16610015098
15481,16610015099
15482,16610015100
15483,16610015101
15484,16610015102
15485,16610015103
15486,16610015104
15487,16610015105
15488,16610015106
15489,16610015107
15490,16610015108
15491,16610015109
15492,16610015110
15493,16610015111
15494,16610015112
15495,16610015113
15496,16610015114
15497,16610015115
15498,16610015116
15499,16610015117
15500,16610015118
15501,16610015119
15502,16610015120
15503,16610015121
15504,16610015122
15505,16610015123
15506,16610015124
15507,16610015125
15508,16610015126
15509,16610015127
15510,16610015128
15511,16610015129
15512,16610015130
15513,16610015131
15514,16610015132
15515,16610015133
15516,16610015134
15517,16610015135
15518,16610015136
15519,16610015137
15520,16610015138
15521,16610015139
15522,16610015140
15523,16610015141
15524,16610015142
15525,16610015143
15526,16610015144
15527,16610015145
15528,16610015146
15529,16610015147
15530,16610015148
15531,16610015149
15532,16610015150
15533,16610015151
15534,16610015152
15535,16610015153
15536,16610015154
15537,16610015155
15538,16610015156
15539,16610015157
15540,16610015158
15541,16610015159
15542,16610015160
15543,16610015161
15544,16610015162
15545,16610015163
15546,16610015164
15547,16610015165
15548,16610015166
15549,16610015167
15550,16610015168
15551,16610015169
15552,16610015170
15553,16610015171
15554,16610015172
15555,16610015173
15556,16610015174
15557,16610015175
15558,16610015176
15559,16610015177
15560,16610015178
15561,16610015179
15562,16610015180
15563,16610015181
15564,16610015182
15565,16610015183
15566,16610015184
15567,16610015185
15568,16610015186
15569,16610015187
15570,16610015188
15571,16610015189
15572,16610015190
15573,16610015191
15574,16610015192
15575,16610015193
15576,16610015194
15577,16610015195
15578,16610015196
15579,16610015197
15580,16610015198
15581,16610015199
15582,16610015200
15583,16610015201
15584,16610015202
15585,16610015203
15586,16610015204
15587,16610015205
15588,16610015206
15589,16610015207
15590,16610015208
15591,16610015209
15592,16610015210
15593,16610015211
15594,16610015212
15595,16610015213
15596,16610015214
15597,16610015215
15598,16610015216
15599,16610015217
15600,16610015218
15601,16610015219
15602,16610015220
15603,16610015221
15604,16610015222
15605,16610015223
15606,16610015224
15607,16610015225
15608,16610015226
15609,16610015227
15610,16610015228
15611,16610015229
15612,16610015230
15613,16610015231
15614,16610015232
15615,16610015233
15616,16610015234
15617,16610015235
15618,16610015236
15619,16610015237
15620,16610015238
15621,16610015239
15622,16610015240
15623,16610015241
15624,16610015242
15625,16610015243
15626,16610015244
15627,16610015245
15628,16610015246
15629,16610015247
15630,16610015248
15631,16610015249
15632,16610015250
15633,16610015251
15634,16610015252
15635,16610015253
15636,16610015254
15637,16610015255
15638,16610015256
15639,16610015257
15640,16610015258
15641,16610015259
15642,16610015260
15643,16610015261
15644,16610015262
15645,16610015263
15646,16610015264
15647,16610015265
15648,16610015266
15649,16610015267
15650,16610015268
15651,16610015269
15652,16610015270
15653,16610015271
15654,16610015272
15655,16610015273
15656,16610015274
15657,16610015275
15658,16610015276
15659,16610015277
15660,16610015278
15661,16610015279
15662,16610015280
15663,16610015281
15664,16610015282
15665,16610015283
15666,16610015284
15667,16610015285
15668,16610015286
15669,16610015287
15670,16610015288
15671,16610015289
15672,16610015290
15673,16610015291
15674,16610015292
15675,16610015293
15676,16610015294
15677,16610015295
15678,16610015296
15679,16610015297
15680,16610015298
15681,16610015299
15682,16610015300
15683,16610015301
15684,16610015302
15685,16610015303
15686,16610015304
15687,16610015305
15688,16610015306
15689,16610015307
15690,16610015308
15691,16610015309
15692,16610015310
15693,16610015311
15694,16610015312
15695,16610015313
15696,16610015314
15697,16610015315
15698,16610015316
15699,16610015317
15700,16610015318
15701,16610015319
15702,16610015320
15703,16610015321
15704,16610015322
15705,16610015323
15706,16610015324
15707,16610015325
15708,16610015326
15709,16610015327
15710,16610015328
15711,16610015329
15712,16610015330
15713,16610015331
15714,16610015332
15715,16610015333
15716,16610015334
15717,16610015335
15718,16610015336
15719,16610015337
15720,16610015338
15721,16610015339
15722,16610015340
15723,16610015341
15724,16610015342
15725,16610015343
15726,16610015344
15727,16610015345
15728,16610015346
15729,16610015347
15730,16610015348
15731,16610015349
15732,16610015350
15733,16610015351
15734,16610015352
15735,16610015353
15736,16610015354
15737,16610015355
15738,16610015356
15739,16610015357
15740,16610015358
15741,16610015359
15742,16610015360
15743,16610015361
15744,16610015362
15745,16610015363
15746,16610015364
15747,16610015365
15748,16610015366
15749,16610015367
15750,16610015368
15751,16610015369
15752,16610015370
15753,16610015371
15754,16610015372
15755,16610015373
15756,16610015374
15757,16610015375
15758,16610015376
15759,16610015377
15760,16610015378
15761,16610015379
15762,16610015380
15763,16610015381
15764,16610015382
15765,16610015383
15766,16610015384
15767,16610015385
15768,16610015386
15769,16610015387
15770,16610015388
15771,16610015389
15772,16610015390
15773,16610015391
15774,16610015392
15775,16610015393
15776,16610015394
15777,16610015395
15778,16610015396
15779,16610015397
15780,16610015398
15781,16610015399
15782,16610015400
15783,16610015401
15784,16610015402
15785,16610015403
15786,16610015404
15787,16610015405
15788,16610015406
15789,16610015407
15790,16610015408
15791,16610015409
15792,16610015410
15793,16610015411
15794,16610015412
15795,16610015413
15796,16610015414
15797,16610015415
15798,16610015416
15799,16610015417
15800,16610015418
15801,16610015419
15802,16610015420
15803,16610015421
15804,16610015422
15805,16610015423
15806,16610015424
15807,16610015425
15808,16610015426
15809,16610015427
15810,16610015428
15811,16610015429
15812,16610015430
15813,16610015431
15814,16610015432
15815,16610015433
15816,16610015434
15817,16610015435
15818,16610015436
15819,16610015437
15820,16610015438
15821,16610015439
15822,16610015440
15823,16610015441
15824,16610015442
15825,16610015443
15826,16610015444
15827,16610015445
15828,16610015446
15829,16610015447
15830,16610015448
15831,16610015449
15832,16610015450
15833,16610015451
15834,16610015452
15835,16610015453
15836,16610015454
15837,16610015455
15838,16610015456
15839,16610015457
15840,16610015458
15841,16610015459
15842,16610015460
15843,16610015461
15844,16610015462
15845,16610015463
15846,16610015464
15847,16610015465
15848,16610015466
15849,16610015467
15850,16610015468
15851,16610015469
15852,16610015470
15853,16610015471
15854,16610015472
15855,16610015473
15856,16610015474
15857,16610015475
15858,16610015476
15859,16610015477
15860,16610015478
15861,16610015479
15862,16610015480
15863,16610015481
15864,16610015482
15865,16610015483
15866,16610015484
15867,16610015485
15868,16610015486
15869,16610015487
15870,16610015488
15871,16610015489
15872,16610015490
15873,16610015491
15874,16610015492
15875,16610015493
15876,16610015494
15877,16610015495
15878,16610015496
15879,16610015497
15880,16610015498
15881,16610015499
15882,16610015500
15883,16610015501
15884,16610015502
15885,16610015503
15886,16610015504
15887,16610015505
15888,16610015506
15889,16610015507
15890,16610015508
15891,16610015509
15892,16610015510
15893,16610015511
15894,16610015512
15895,16610015513
15896,16610015514
15897,16610015515
15898,16610015516
15899,16610015517
15900,16610015518
15901,16610015519
15902,16610015520
15903,16610015521
15904,16610015522
15905,16610015523
15906,16610015524
15907,16610015525
15908,16610015526
15909,16610015527
15910,16610015528
15911,16610015529
15912,16610015530
15913,16610015531
15914,16610015532
15915,16610015533
15916,16610015534
15917,16610015535
15918,16610015536
15919,16610015537
15920,16610015538
15921,16610015539
15922,16610015540
15923,16610015541
15924,16610015542
15925,16610015543
15926,16610015544
15927,16610015545
15928,16610015546
15929,16610015547
15930,16610015548
15931,16610015549
15932,16610015550
15933,16610015551
15934,16610015552
15935,16610015553
15936,16610015554
15937,16610015555
15938,16610015556
15939,16610015557
15940,16610015558
15941,16610015559
15942,16610015560
15943,16610015561
15944,16610015562
15945,16610015563
15946,16610015564
15947,16610015565
15948,16610015566
15949,16610015567
15950,16610015568
15951,16610015569
15952,16610015570
15953,16610015571
15954,16610015572
15955,16610015573
15956,16610015574
15957,16610015575
15958,16610015576
15959,16610015577
15960,16610015578
15961,16610015579
15962,16610015580
15963,16610015581
15964,16610015582
15965,16610015583
15966,16610015584
15967,16610015585
15968,16610015586
15969,16610015587
15970,16610015588
15971,16610015589
15972,16610015590
15973,16610015591
15974,16610015592
15975,16610015593
15976,16610015594
15977,16610015595
15978,16610015596
15979,16610015597
15980,16610015598
15981,16610015599
15982,16610015600
15983,16610015601
15984,16610015602
15985,16610015603
15986,16610015604
15987,16610015605
15988,16610015606
15989,16610015607
15990,16610015608
15991,16610015609
15992,16610015610
15993,16610015611
15994,16610015612
15995,16610015613
15996,16610015614
15997,16610015615
15998,16610015616
15999,16610015617
16000,16610015618
16001,16610015619
16002,16610015620
16003,16610015621
16004,16610015622
16005,16610015623
16006,16610015624
16007,16610015625
16008,16610015626
16009,16610015627
16010,16610015628
16011,16610015629
16012,16610015630
16013,16610015631
16014,16610015632
16015,16610015633
16016,16610015634
16017,16610015635
16018,16610015636
16019,16610015637
16020,16610015638
16021,16610015639
16022,16610015640
16023,16610015641
16024,16610015642
16025,16610015643
16026,16610015644
16027,16610015645
16028,16610015646
16029,16610015647
16030,16610015648
16031,16610015649
16032,16610015650
16033,16610015651
16034,16610015652
16035,16610015653
16036,16610015654
16037,16610015655
16038,16610015656
16039,16610015657
16040,16610015658
16041,16610015659
16042,16610015660
16043,16610015661
16044,16610015662
16045,16610015663
16046,16610015664
16047,16610015665
16048,16610015666
16049,16610015667
16050,16610015668
16051,16610015669
16052,16610015670
16053,16610015671
16054,16610015672
16055,16610015673
16056,16610015674
16057,16610015675
16058,16610015676
16059,16610015677
16060,16610015678
16061,16610015679
16062,16610015680
16063,16610015681
16064,16610015682
16065,16610015683
16066,16610015684
16067,16610015685
16068,16610015686
16069,16610015687
16070,16610015688
16071,16610015689
16072,16610015690
16073,16610015691
16074,16610015692
16075,16610015693
16076,16610015694
16077,16610015695
16078,16610015696
16079,16610015697
16080,16610015698
16081,16610015699
16082,16610015700
16083,16610015701
16084,16610015702
16085,16610015703
16086,16610015704
16087,16610015705
16088,16610015706
16089,16610015707
16090,16610015708
16091,16610015709
16092,16610015710
16093,16610015711
16094,16610015712
16095,16610015713
16096,16610015714
16097,16610015715
16098,16610015716
16099,16610015717
16100,16610015718
16101,16610015719
16102,16610015720
16103,16610015721
16104,16610015722
16105,16610015723
16106,16610015724
16107,16610015725
16108,16610015726
16109,16610015727
16110,16610015728
16111,16610015729
16112,16610015730
16113,16610015731
16114,16610015732
16115,16610015733
16116,16610015734
16117,16610015735
16118,16610015736
16119,16610015737
16120,16610015738
16121,16610015739
16122,16610015740
16123,16610015741
16124,16610015742
16125,16610015743
16126,16610015744
16127,16610015745
16128,16610015746
16129,16610015747
16130,16610015748
16131,16610015749
16132,16610015750
16133,16610015751
16134,16610015752
16135,16610015753
16136,16610015754
16137,16610015755
16138,16610015756
16139,16610015757
16140,16610015758
16141,16610015759
16142,16610015760
16143,16610015761
16144,16610015762
16145,16610015763
16146,16610015764
16147,16610015765
16148,16610015766
16149,16610015767
16150,16610015768
16151,16610015769
16152,16610015770
16153,16610015771
16154,16610015772
16155,16610015773
16156,16610015774
16157,16610015775
16158,16610015776
16159,16610015777
16160,16610015778
16161,16610015779
16162,16610015780
16163,16610015781
16164,16610015782
16165,16610015783
16166,16610015784
16167,16610015785
16168,16610015786
16169,16610015787
16170,16610015788
16171,16610015789
16172,16610015790
16173,16610015791
16174,16610015792
16175,16610015793
16176,16610015794
16177,16610015795
16178,16610015796
16179,16610015797
16180,16610015798
16181,16610015799
16182,16610015800
16183,16610015801
16184,16610015802
16185,16610015803
16186,16610015804
16187,16610015805
16188,16610015806
16189,16610015807
16190,16610015808
16191,16610015809
16192,16610015810
16193,16610015811
16194,16610015812
16195,16610015813
16196,16610015814
16197,16610015815
16198,16610015816
16199,16610015817
16200,16610015818
16201,16610015819
16202,16610015820
16203,16610015821
16204,16610015822
16205,16610015823
16206,16610015824
16207,16610015825
16208,16610015826
16209,16610015827
16210,16610015828
16211,16610015829
16212,16610015830
16213,16610015831
16214,16610015832
16215,16610015833
16216,16610015834
16217,16610015835
16218,16610015836
16219,16610015837
16220,16610015838
16221,16610015839
16222,16610015840
16223,16610015841
16224,16610015842
16225,16610015843
16226,16610015844
16227,16610015845
16228,16610015846
16229,16610015847
16230,16610015848
16231,16610015849
16232,16610015850
16233,16610015851
16234,16610015852
16235,16610015853
16236,16610015854
16237,16610015855
16238,16610015856
16239,16610015857
16240,16610015858
16241,16610015859
16242,16610015860
16243,16610015861
16244,16610015862
16245,16610015863
16246,16610015864
16247,16610015865
16248,16610015866
16249,16610015867
16250,16610015868
16251,16610015869
16252,16610015870
16253,16610015871
16254,16610015872
16255,16610015873
16256,16610015874
16257,16610015875
16258,16610015876
16259,16610015877
16260,16610015878
16261,16610015879
16262,16610015880
16263,16610015881
16264,16610015882
16265,16610015883
16266,16610015884
16267,16610015885
16268,16610015886
16269,16610015887
16270,16610015888
16271,16610015889
16272,16610015890
16273,16610015891
16274,16610015892
16275,16610015893
16276,16610015894
16277,16610015895
16278,16610015896
16279,16610015897
16280,16610015898
16281,16610015899
16282,16610015900
16283,16610015901
16284,16610015902
16285,16610015903
16286,16610015904
16287,16610015905
16288,16610015906
16289,16610015907
16290,16610015908
16291,16610015909
16292,16610015910
16293,16610015911
16294,16610015912
16295,16610015913
16296,16610015914
16297,16610015915
16298,16610015916
16299,16610015917
16300,16610015918
16301,16610015919
16302,16610015920
16303,16610015921
16304,16610015922
16305,16610015923
16306,16610015924
16307,16610015925
16308,16610015926
16309,16610015927
16310,16610015928
16311,16610015929
16312,16610015930
16313,16610015931
16314,16610015932
16315,16610015933
16316,16610015934
16317,16610015935
16318,16610015936
16319,16610015937
16320,16610015938
16321,16610015939
16322,16610015940
16323,16610015941
16324,16610015942
16325,16610015943
16326,16610015944
16327,16610015945
16328,16610015946
16329,16610015947
16330,16610015948
16331,16610015949
16332,16610015950
16333,16610015951
16334,16610015952
16335,16610015953
16336,16610015954
16337,16610015955
16338,16610015956
16339,16610015957
16340,16610015958
16341,16610015959
16342,16610015960
16343,16610015961
16344,16610015962
16345,16610015963
16346,16610015964
16347,16610015965
16348,16610015966
16349,16610015967
16350,16610015968
16351,16610015969
16352,16610015970
16353,16610015971
16354,16610015972
16355,16610015973
16356,16610015974
16357,16610015975
16358,16610015976
16359,16610015977
16360,16610015978
16361,16610015979
16362,16610015980
16363,16610015981
16364,16610015982
16365,16610015983
16366,16610015984
16367,16610015985
16368,16610015986
16369,16610015987
16370,16610015988
16371,16610015989
16372,16610015990
16373,16610015991
16374,16610015992
16375,16610015993
16376,16610015994
16377,16610015995
16378,16610015996
16379,16610015997
16380,16610015998
16381,16610015999
